regione,popolazione,eta,eta_class,eta_class2
Piemonte,27785,0,"[0,10)",0-15
Valle d'Aosta,835,0,"[0,10)",0-15
Liguria,8632,0,"[0,10)",0-15
Lombardia,72560,0,"[0,10)",0-15
Trentino Alto Adige / Südtirol,9468,0,"[0,10)",0-15
P.A. Bolzano,5225,0,"[0,10)",0-15
P.A. Trento,4243,0,"[0,10)",0-15
Veneto,33275,0,"[0,10)",0-15
Friuli Venezia Giulia,7450,0,"[0,10)",0-15
Emilia-Romagna,30914,0,"[0,10)",0-15
Toscana,23220,0,"[0,10)",0-15
Umbria,5488,0,"[0,10)",0-15
Marche,9582,0,"[0,10)",0-15
Lazio,38162,0,"[0,10)",0-15
Abruzzo,8372,0,"[0,10)",0-15
Molise,1888,0,"[0,10)",0-15
Campania,46010,0,"[0,10)",0-15
Puglia,27126,0,"[0,10)",0-15
Basilicata,3630,0,"[0,10)",0-15
Calabria,14177,0,"[0,10)",0-15
Sicilia,37683,0,"[0,10)",0-15
Sardegna,8717,0,"[0,10)",0-15
P.A. Trento,4427,1,"[0,10)",0-15
Valle d'Aosta,893,1,"[0,10)",0-15
Emilia-Romagna,32779,1,"[0,10)",0-15
Basilicata,3639,1,"[0,10)",0-15
Lombardia,76022,1,"[0,10)",0-15
P.A. Bolzano,5309,1,"[0,10)",0-15
Liguria,8971,1,"[0,10)",0-15
Marche,10140,1,"[0,10)",0-15
Sicilia,39459,1,"[0,10)",0-15
Sardegna,9211,1,"[0,10)",0-15
Calabria,14777,1,"[0,10)",0-15
Abruzzo,8810,1,"[0,10)",0-15
Lazio,42329,1,"[0,10)",0-15
Piemonte,28996,1,"[0,10)",0-15
Veneto,35392,1,"[0,10)",0-15
Trentino Alto Adige / Südtirol,9736,1,"[0,10)",0-15
Puglia,28416,1,"[0,10)",0-15
Friuli Venezia Giulia,7802,1,"[0,10)",0-15
Toscana,24713,1,"[0,10)",0-15
Molise,1863,1,"[0,10)",0-15
Campania,47138,1,"[0,10)",0-15
Umbria,5699,1,"[0,10)",0-15
Valle d'Aosta,888,2,"[0,10)",0-15
Emilia-Romagna,33739,2,"[0,10)",0-15
Sardegna,10006,2,"[0,10)",0-15
Basilicata,3898,2,"[0,10)",0-15
Trentino Alto Adige / Südtirol,10024,2,"[0,10)",0-15
Campania,49346,2,"[0,10)",0-15
Toscana,26112,2,"[0,10)",0-15
Marche,10706,2,"[0,10)",0-15
Umbria,5992,2,"[0,10)",0-15
Puglia,29647,2,"[0,10)",0-15
Molise,2079,2,"[0,10)",0-15
Sicilia,40502,2,"[0,10)",0-15
Abruzzo,9436,2,"[0,10)",0-15
Calabria,15345,2,"[0,10)",0-15
Friuli Venezia Giulia,8229,2,"[0,10)",0-15
Veneto,36931,2,"[0,10)",0-15
Lazio,44307,2,"[0,10)",0-15
P.A. Trento,4584,2,"[0,10)",0-15
Piemonte,30833,2,"[0,10)",0-15
Lombardia,79620,2,"[0,10)",0-15
Liguria,9674,2,"[0,10)",0-15
P.A. Bolzano,5440,2,"[0,10)",0-15
Umbria,6381,3,"[0,10)",0-15
Lazio,46590,3,"[0,10)",0-15
Abruzzo,9971,3,"[0,10)",0-15
Campania,49478,3,"[0,10)",0-15
Emilia-Romagna,35347,3,"[0,10)",0-15
Friuli Venezia Giulia,8615,3,"[0,10)",0-15
P.A. Trento,4737,3,"[0,10)",0-15
Veneto,38142,3,"[0,10)",0-15
Molise,2026,3,"[0,10)",0-15
Basilicata,3968,3,"[0,10)",0-15
Valle d'Aosta,951,3,"[0,10)",0-15
Liguria,9926,3,"[0,10)",0-15
Trentino Alto Adige / Südtirol,10278,3,"[0,10)",0-15
P.A. Bolzano,5541,3,"[0,10)",0-15
Piemonte,32053,3,"[0,10)",0-15
Marche,11402,3,"[0,10)",0-15
Sardegna,10423,3,"[0,10)",0-15
Lombardia,82300,3,"[0,10)",0-15
Toscana,27031,3,"[0,10)",0-15
Calabria,15628,3,"[0,10)",0-15
Sicilia,40589,3,"[0,10)",0-15
Puglia,30597,3,"[0,10)",0-15
Valle d'Aosta,961,4,"[0,10)",0-15
Veneto,39268,4,"[0,10)",0-15
Lombardia,85067,4,"[0,10)",0-15
Piemonte,32833,4,"[0,10)",0-15
Liguria,10202,4,"[0,10)",0-15
Trentino Alto Adige / Südtirol,10396,4,"[0,10)",0-15
Lazio,47781,4,"[0,10)",0-15
Umbria,6428,4,"[0,10)",0-15
Abruzzo,10085,4,"[0,10)",0-15
Molise,2115,4,"[0,10)",0-15
Campania,50210,4,"[0,10)",0-15
Friuli Venezia Giulia,8715,4,"[0,10)",0-15
P.A. Trento,4878,4,"[0,10)",0-15
Emilia-Romagna,36507,4,"[0,10)",0-15
Puglia,30971,4,"[0,10)",0-15
Calabria,15901,4,"[0,10)",0-15
P.A. Bolzano,5518,4,"[0,10)",0-15
Toscana,27602,4,"[0,10)",0-15
Sardegna,10967,4,"[0,10)",0-15
Marche,11861,4,"[0,10)",0-15
Basilicata,3996,4,"[0,10)",0-15
Sicilia,41903,4,"[0,10)",0-15
Piemonte,34181,5,"[0,10)",0-15
Valle d'Aosta,1050,5,"[0,10)",0-15
Trentino Alto Adige / Südtirol,10636,5,"[0,10)",0-15
P.A. Trento,4944,5,"[0,10)",0-15
Toscana,29161,5,"[0,10)",0-15
Lombardia,87242,5,"[0,10)",0-15
Veneto,40633,5,"[0,10)",0-15
Liguria,10858,5,"[0,10)",0-15
Emilia-Romagna,37450,5,"[0,10)",0-15
Friuli Venezia Giulia,9243,5,"[0,10)",0-15
P.A. Bolzano,5692,5,"[0,10)",0-15
Umbria,6845,5,"[0,10)",0-15
Marche,12179,5,"[0,10)",0-15
Lazio,49513,5,"[0,10)",0-15
Abruzzo,10300,5,"[0,10)",0-15
Molise,2153,5,"[0,10)",0-15
Campania,50945,5,"[0,10)",0-15
Puglia,32418,5,"[0,10)",0-15
Basilicata,4045,5,"[0,10)",0-15
Calabria,16068,5,"[0,10)",0-15
Sicilia,42972,5,"[0,10)",0-15
Sardegna,11252,5,"[0,10)",0-15
Emilia-Romagna,38385,6,"[0,10)",0-15
P.A. Trento,5211,6,"[0,10)",0-15
Molise,2192,6,"[0,10)",0-15
Piemonte,35065,6,"[0,10)",0-15
Trentino Alto Adige / Südtirol,10623,6,"[0,10)",0-15
Lombardia,88821,6,"[0,10)",0-15
Valle d'Aosta,1033,6,"[0,10)",0-15
Veneto,41614,6,"[0,10)",0-15
Basilicata,4026,6,"[0,10)",0-15
Sicilia,42416,6,"[0,10)",0-15
Calabria,16075,6,"[0,10)",0-15
Abruzzo,10453,6,"[0,10)",0-15
Lazio,50450,6,"[0,10)",0-15
Friuli Venezia Giulia,9426,6,"[0,10)",0-15
P.A. Bolzano,5412,6,"[0,10)",0-15
Sardegna,11614,6,"[0,10)",0-15
Toscana,29467,6,"[0,10)",0-15
Puglia,33061,6,"[0,10)",0-15
Campania,52006,6,"[0,10)",0-15
Liguria,10956,6,"[0,10)",0-15
Marche,12490,6,"[0,10)",0-15
Umbria,7118,6,"[0,10)",0-15
Basilicata,4406,7,"[0,10)",0-15
Sardegna,12206,7,"[0,10)",0-15
Lazio,53333,7,"[0,10)",0-15
Sicilia,44542,7,"[0,10)",0-15
Umbria,7461,7,"[0,10)",0-15
Abruzzo,10966,7,"[0,10)",0-15
Molise,2245,7,"[0,10)",0-15
Marche,12818,7,"[0,10)",0-15
Calabria,16483,7,"[0,10)",0-15
Toscana,31289,7,"[0,10)",0-15
Puglia,34277,7,"[0,10)",0-15
Campania,54373,7,"[0,10)",0-15
P.A. Bolzano,5625,7,"[0,10)",0-15
Lombardia,92013,7,"[0,10)",0-15
Piemonte,36414,7,"[0,10)",0-15
Trentino Alto Adige / Südtirol,10859,7,"[0,10)",0-15
P.A. Trento,5234,7,"[0,10)",0-15
Emilia-Romagna,39593,7,"[0,10)",0-15
Valle d'Aosta,1124,7,"[0,10)",0-15
Veneto,43637,7,"[0,10)",0-15
Friuli Venezia Giulia,9844,7,"[0,10)",0-15
Liguria,11590,7,"[0,10)",0-15
Trentino Alto Adige / Südtirol,10901,8,"[0,10)",0-15
Basilicata,4374,8,"[0,10)",0-15
Sardegna,12843,8,"[0,10)",0-15
Piemonte,36698,8,"[0,10)",0-15
P.A. Trento,5377,8,"[0,10)",0-15
Lombardia,93991,8,"[0,10)",0-15
Emilia-Romagna,40376,8,"[0,10)",0-15
P.A. Bolzano,5524,8,"[0,10)",0-15
Friuli Venezia Giulia,10021,8,"[0,10)",0-15
Valle d'Aosta,1182,8,"[0,10)",0-15
Lazio,53295,8,"[0,10)",0-15
Calabria,16714,8,"[0,10)",0-15
Umbria,7552,8,"[0,10)",0-15
Abruzzo,11115,8,"[0,10)",0-15
Molise,2316,8,"[0,10)",0-15
Liguria,11409,8,"[0,10)",0-15
Veneto,44439,8,"[0,10)",0-15
Puglia,35383,8,"[0,10)",0-15
Sicilia,44642,8,"[0,10)",0-15
Marche,13452,8,"[0,10)",0-15
Toscana,31668,8,"[0,10)",0-15
Campania,55531,8,"[0,10)",0-15
Puglia,36556,9,"[0,10)",0-15
Calabria,17254,9,"[0,10)",0-15
Toscana,32704,9,"[0,10)",0-15
Campania,57239,9,"[0,10)",0-15
Marche,13632,9,"[0,10)",0-15
Lazio,54609,9,"[0,10)",0-15
Friuli Venezia Giulia,10410,9,"[0,10)",0-15
Sardegna,13244,9,"[0,10)",0-15
Piemonte,37577,9,"[0,10)",0-15
Umbria,7742,9,"[0,10)",0-15
Valle d'Aosta,1155,9,"[0,10)",0-15
Lombardia,96782,9,"[0,10)",0-15
Basilicata,4527,9,"[0,10)",0-15
P.A. Bolzano,5533,9,"[0,10)",0-15
Sicilia,46202,9,"[0,10)",0-15
Emilia-Romagna,41720,9,"[0,10)",0-15
Trentino Alto Adige / Südtirol,11092,9,"[0,10)",0-15
Liguria,11930,9,"[0,10)",0-15
Molise,2444,9,"[0,10)",0-15
P.A. Trento,5559,9,"[0,10)",0-15
Veneto,45848,9,"[0,10)",0-15
Abruzzo,11479,9,"[0,10)",0-15
Sardegna,13277,10,"[10,20)",0-15
Piemonte,38651,10,"[10,20)",0-15
Trentino Alto Adige / Südtirol,10974,10,"[10,20)",0-15
Valle d'Aosta,1224,10,"[10,20)",0-15
P.A. Bolzano,5484,10,"[10,20)",0-15
Sicilia,47207,10,"[10,20)",0-15
P.A. Trento,5490,10,"[10,20)",0-15
Basilicata,4722,10,"[10,20)",0-15
Emilia-Romagna,42417,10,"[10,20)",0-15
Molise,2271,10,"[10,20)",0-15
Umbria,7706,10,"[10,20)",0-15
Abruzzo,11286,10,"[10,20)",0-15
Calabria,17491,10,"[10,20)",0-15
Puglia,36955,10,"[10,20)",0-15
Liguria,12472,10,"[10,20)",0-15
Lombardia,98664,10,"[10,20)",0-15
Marche,14000,10,"[10,20)",0-15
Toscana,32840,10,"[10,20)",0-15
Campania,58784,10,"[10,20)",0-15
Lazio,54780,10,"[10,20)",0-15
Veneto,46493,10,"[10,20)",0-15
Friuli Venezia Giulia,10550,10,"[10,20)",0-15
Piemonte,38936,11,"[10,20)",0-15
Valle d'Aosta,1204,11,"[10,20)",0-15
Liguria,12738,11,"[10,20)",0-15
Trentino Alto Adige / Südtirol,11280,11,"[10,20)",0-15
Veneto,47439,11,"[10,20)",0-15
P.A. Trento,5601,11,"[10,20)",0-15
Emilia-Romagna,42163,11,"[10,20)",0-15
P.A. Bolzano,5679,11,"[10,20)",0-15
Marche,14074,11,"[10,20)",0-15
Sicilia,48062,11,"[10,20)",0-15
Umbria,8132,11,"[10,20)",0-15
Toscana,33856,11,"[10,20)",0-15
Molise,2471,11,"[10,20)",0-15
Lombardia,98737,11,"[10,20)",0-15
Friuli Venezia Giulia,10534,11,"[10,20)",0-15
Lazio,55204,11,"[10,20)",0-15
Abruzzo,11691,11,"[10,20)",0-15
Basilicata,4852,11,"[10,20)",0-15
Calabria,17693,11,"[10,20)",0-15
Campania,59471,11,"[10,20)",0-15
Puglia,37473,11,"[10,20)",0-15
Sardegna,13327,11,"[10,20)",0-15
Lombardia,97568,12,"[10,20)",0-15
Liguria,12464,12,"[10,20)",0-15
Emilia-Romagna,41874,12,"[10,20)",0-15
Umbria,8097,12,"[10,20)",0-15
Friuli Venezia Giulia,10734,12,"[10,20)",0-15
Lazio,55430,12,"[10,20)",0-15
Molise,2481,12,"[10,20)",0-15
Veneto,46938,12,"[10,20)",0-15
Calabria,17760,12,"[10,20)",0-15
Abruzzo,11487,12,"[10,20)",0-15
Sicilia,47764,12,"[10,20)",0-15
Puglia,37915,12,"[10,20)",0-15
Marche,13867,12,"[10,20)",0-15
Basilicata,4792,12,"[10,20)",0-15
Toscana,33547,12,"[10,20)",0-15
Campania,60734,12,"[10,20)",0-15
Trentino Alto Adige / Südtirol,11157,12,"[10,20)",0-15
Sardegna,13297,12,"[10,20)",0-15
Piemonte,38912,12,"[10,20)",0-15
Valle d'Aosta,1207,12,"[10,20)",0-15
P.A. Bolzano,5731,12,"[10,20)",0-15
P.A. Trento,5426,12,"[10,20)",0-15
Marche,13695,13,"[10,20)",0-15
Calabria,18278,13,"[10,20)",0-15
Liguria,12639,13,"[10,20)",0-15
Sardegna,13394,13,"[10,20)",0-15
Toscana,33276,13,"[10,20)",0-15
Lombardia,97967,13,"[10,20)",0-15
P.A. Bolzano,5701,13,"[10,20)",0-15
Valle d'Aosta,1235,13,"[10,20)",0-15
Basilicata,4953,13,"[10,20)",0-15
Sicilia,48748,13,"[10,20)",0-15
Emilia-Romagna,41506,13,"[10,20)",0-15
Veneto,47008,13,"[10,20)",0-15
Abruzzo,11364,13,"[10,20)",0-15
Piemonte,38350,13,"[10,20)",0-15
Puglia,38162,13,"[10,20)",0-15
Trentino Alto Adige / Südtirol,11237,13,"[10,20)",0-15
Molise,2479,13,"[10,20)",0-15
P.A. Trento,5536,13,"[10,20)",0-15
Umbria,7982,13,"[10,20)",0-15
Lazio,54995,13,"[10,20)",0-15
Friuli Venezia Giulia,10690,13,"[10,20)",0-15
Campania,61105,13,"[10,20)",0-15
Sicilia,49699,14,"[10,20)",0-15
Sardegna,13476,14,"[10,20)",0-15
Liguria,12571,14,"[10,20)",0-15
Piemonte,38154,14,"[10,20)",0-15
Valle d'Aosta,1142,14,"[10,20)",0-15
Lombardia,95729,14,"[10,20)",0-15
Trentino Alto Adige / Südtirol,11396,14,"[10,20)",0-15
P.A. Bolzano,5818,14,"[10,20)",0-15
P.A. Trento,5578,14,"[10,20)",0-15
Veneto,46717,14,"[10,20)",0-15
Friuli Venezia Giulia,10511,14,"[10,20)",0-15
Emilia-Romagna,40843,14,"[10,20)",0-15
Toscana,33165,14,"[10,20)",0-15
Umbria,7948,14,"[10,20)",0-15
Marche,13666,14,"[10,20)",0-15
Lazio,53249,14,"[10,20)",0-15
Abruzzo,11488,14,"[10,20)",0-15
Molise,2548,14,"[10,20)",0-15
Campania,61704,14,"[10,20)",0-15
Puglia,38866,14,"[10,20)",0-15
Basilicata,4920,14,"[10,20)",0-15
Calabria,18079,14,"[10,20)",0-15
Piemonte,38113,15,"[10,20)",0-15
Valle d'Aosta,1175,15,"[10,20)",0-15
Liguria,12648,15,"[10,20)",0-15
Lombardia,96079,15,"[10,20)",0-15
Trentino Alto Adige / Südtirol,11529,15,"[10,20)",0-15
P.A. Bolzano,5792,15,"[10,20)",0-15
P.A. Trento,5737,15,"[10,20)",0-15
Veneto,47337,15,"[10,20)",0-15
Friuli Venezia Giulia,10580,15,"[10,20)",0-15
Emilia-Romagna,40458,15,"[10,20)",0-15
Toscana,33144,15,"[10,20)",0-15
Umbria,7743,15,"[10,20)",0-15
Marche,13700,15,"[10,20)",0-15
Lazio,53681,15,"[10,20)",0-15
Campania,63793,15,"[10,20)",0-15
Puglia,40267,15,"[10,20)",0-15
Sardegna,13266,15,"[10,20)",0-15
Abruzzo,11594,15,"[10,20)",0-15
Molise,2566,15,"[10,20)",0-15
Basilicata,5246,15,"[10,20)",0-15
Calabria,18665,15,"[10,20)",0-15
Sicilia,50626,15,"[10,20)",0-15
Liguria,12429,16,"[10,20)",16-19
Abruzzo,11513,16,"[10,20)",16-19
Molise,2603,16,"[10,20)",16-19
Campania,64520,16,"[10,20)",16-19
Puglia,40598,16,"[10,20)",16-19
Basilicata,5289,16,"[10,20)",16-19
Calabria,18700,16,"[10,20)",16-19
Sicilia,50616,16,"[10,20)",16-19
Piemonte,38254,16,"[10,20)",16-19
Valle d'Aosta,1182,16,"[10,20)",16-19
Lombardia,94090,16,"[10,20)",16-19
Trentino Alto Adige / Südtirol,11261,16,"[10,20)",16-19
P.A. Bolzano,5760,16,"[10,20)",16-19
P.A. Trento,5501,16,"[10,20)",16-19
Veneto,46459,16,"[10,20)",16-19
Friuli Venezia Giulia,10517,16,"[10,20)",16-19
Emilia-Romagna,39494,16,"[10,20)",16-19
Toscana,32348,16,"[10,20)",16-19
Umbria,7656,16,"[10,20)",16-19
Marche,13552,16,"[10,20)",16-19
Lazio,53171,16,"[10,20)",16-19
Sardegna,13754,16,"[10,20)",16-19
Piemonte,37717,17,"[10,20)",16-19
Valle d'Aosta,1115,17,"[10,20)",16-19
Liguria,12778,17,"[10,20)",16-19
Lombardia,92846,17,"[10,20)",16-19
Trentino Alto Adige / Südtirol,11164,17,"[10,20)",16-19
P.A. Bolzano,5615,17,"[10,20)",16-19
P.A. Trento,5549,17,"[10,20)",16-19
Veneto,45949,17,"[10,20)",16-19
Friuli Venezia Giulia,10384,17,"[10,20)",16-19
Emilia-Romagna,39815,17,"[10,20)",16-19
Toscana,32589,17,"[10,20)",16-19
Umbria,7668,17,"[10,20)",16-19
Marche,13682,17,"[10,20)",16-19
Lazio,52271,17,"[10,20)",16-19
Puglia,40771,17,"[10,20)",16-19
Sardegna,13537,17,"[10,20)",16-19
Abruzzo,11386,17,"[10,20)",16-19
Molise,2672,17,"[10,20)",16-19
Campania,64111,17,"[10,20)",16-19
Basilicata,5466,17,"[10,20)",16-19
Calabria,18573,17,"[10,20)",16-19
Sicilia,50895,17,"[10,20)",16-19
Veneto,45918,18,"[10,20)",16-19
Friuli Venezia Giulia,10586,18,"[10,20)",16-19
Emilia-Romagna,39910,18,"[10,20)",16-19
Toscana,32647,18,"[10,20)",16-19
Umbria,7600,18,"[10,20)",16-19
Marche,13658,18,"[10,20)",16-19
Lazio,52733,18,"[10,20)",16-19
Abruzzo,11793,18,"[10,20)",16-19
Molise,2740,18,"[10,20)",16-19
Campania,65819,18,"[10,20)",16-19
Puglia,42045,18,"[10,20)",16-19
Basilicata,5529,18,"[10,20)",16-19
Calabria,19403,18,"[10,20)",16-19
Sicilia,52375,18,"[10,20)",16-19
Sardegna,13883,18,"[10,20)",16-19
Piemonte,38009,18,"[10,20)",16-19
Valle d'Aosta,1183,18,"[10,20)",16-19
Liguria,12942,18,"[10,20)",16-19
Lombardia,94438,18,"[10,20)",16-19
Trentino Alto Adige / Südtirol,11496,18,"[10,20)",16-19
P.A. Bolzano,5886,18,"[10,20)",16-19
P.A. Trento,5610,18,"[10,20)",16-19
Piemonte,39639,19,"[10,20)",16-19
Valle d'Aosta,1226,19,"[10,20)",16-19
Liguria,13239,19,"[10,20)",16-19
Lombardia,96559,19,"[10,20)",16-19
Trentino Alto Adige / Südtirol,11772,19,"[10,20)",16-19
P.A. Bolzano,6008,19,"[10,20)",16-19
P.A. Trento,5764,19,"[10,20)",16-19
Veneto,47924,19,"[10,20)",16-19
Friuli Venezia Giulia,10944,19,"[10,20)",16-19
Emilia-Romagna,40826,19,"[10,20)",16-19
Toscana,33175,19,"[10,20)",16-19
Umbria,7825,19,"[10,20)",16-19
Marche,14274,19,"[10,20)",16-19
Lazio,53789,19,"[10,20)",16-19
Abruzzo,12059,19,"[10,20)",16-19
Molise,2867,19,"[10,20)",16-19
Campania,67244,19,"[10,20)",16-19
Puglia,43127,19,"[10,20)",16-19
Basilicata,5748,19,"[10,20)",16-19
Calabria,20067,19,"[10,20)",16-19
Sicilia,53999,19,"[10,20)",16-19
Sardegna,14441,19,"[10,20)",16-19
Piemonte,39254,20,"[20,30)",20-29
Liguria,13138,20,"[20,30)",20-29
Lombardia,95790,20,"[20,30)",20-29
P.A. Trento,5724,20,"[20,30)",20-29
Valle d'Aosta,1192,20,"[20,30)",20-29
Trentino Alto Adige / Südtirol,11780,20,"[20,30)",20-29
P.A. Bolzano,6056,20,"[20,30)",20-29
Veneto,47264,20,"[20,30)",20-29
Friuli Venezia Giulia,10586,20,"[20,30)",20-29
Emilia-Romagna,40128,20,"[20,30)",20-29
Toscana,32503,20,"[20,30)",20-29
Umbria,7818,20,"[20,30)",20-29
Marche,14235,20,"[20,30)",20-29
Lazio,53247,20,"[20,30)",20-29
Abruzzo,12025,20,"[20,30)",20-29
Molise,2965,20,"[20,30)",20-29
Campania,67525,20,"[20,30)",20-29
Puglia,43140,20,"[20,30)",20-29
Basilicata,5775,20,"[20,30)",20-29
Calabria,20051,20,"[20,30)",20-29
Sicilia,54663,20,"[20,30)",20-29
Sardegna,14379,20,"[20,30)",20-29
Piemonte,40093,21,"[20,30)",20-29
Valle d'Aosta,1201,21,"[20,30)",20-29
Liguria,13388,21,"[20,30)",20-29
Lombardia,96608,21,"[20,30)",20-29
Trentino Alto Adige / Südtirol,11928,21,"[20,30)",20-29
P.A. Bolzano,6132,21,"[20,30)",20-29
P.A. Trento,5796,21,"[20,30)",20-29
Veneto,48008,21,"[20,30)",20-29
Friuli Venezia Giulia,10721,21,"[20,30)",20-29
Emilia-Romagna,40470,21,"[20,30)",20-29
Toscana,33274,21,"[20,30)",20-29
Umbria,7913,21,"[20,30)",20-29
Marche,14575,21,"[20,30)",20-29
Lazio,54323,21,"[20,30)",20-29
Abruzzo,12419,21,"[20,30)",20-29
Molise,3142,21,"[20,30)",20-29
Campania,67752,21,"[20,30)",20-29
Puglia,43153,21,"[20,30)",20-29
Basilicata,5775,21,"[20,30)",20-29
Calabria,20443,21,"[20,30)",20-29
Sicilia,53718,21,"[20,30)",20-29
Sardegna,14113,21,"[20,30)",20-29
Piemonte,39914,22,"[20,30)",20-29
Valle d'Aosta,1132,22,"[20,30)",20-29
Liguria,13335,22,"[20,30)",20-29
Lombardia,96156,22,"[20,30)",20-29
Trentino Alto Adige / Südtirol,11914,22,"[20,30)",20-29
P.A. Trento,5674,22,"[20,30)",20-29
Veneto,48016,22,"[20,30)",20-29
Friuli Venezia Giulia,10576,22,"[20,30)",20-29
Emilia-Romagna,40493,22,"[20,30)",20-29
Umbria,7868,22,"[20,30)",20-29
Marche,14413,22,"[20,30)",20-29
Sicilia,53774,22,"[20,30)",20-29
Sardegna,14226,22,"[20,30)",20-29
P.A. Bolzano,6240,22,"[20,30)",20-29
Toscana,33054,22,"[20,30)",20-29
Lazio,54205,22,"[20,30)",20-29
Abruzzo,12361,22,"[20,30)",20-29
Molise,3076,22,"[20,30)",20-29
Campania,67634,22,"[20,30)",20-29
Puglia,43025,22,"[20,30)",20-29
Basilicata,5792,22,"[20,30)",20-29
Calabria,20035,22,"[20,30)",20-29
Sicilia,54051,23,"[20,30)",20-29
Sardegna,14499,23,"[20,30)",20-29
Piemonte,39449,23,"[20,30)",20-29
Valle d'Aosta,1216,23,"[20,30)",20-29
Liguria,13646,23,"[20,30)",20-29
Lombardia,95693,23,"[20,30)",20-29
Trentino Alto Adige / Südtirol,11881,23,"[20,30)",20-29
P.A. Bolzano,6155,23,"[20,30)",20-29
P.A. Trento,5726,23,"[20,30)",20-29
Veneto,47568,23,"[20,30)",20-29
Friuli Venezia Giulia,10874,23,"[20,30)",20-29
Emilia-Romagna,40409,23,"[20,30)",20-29
Toscana,33080,23,"[20,30)",20-29
Umbria,7916,23,"[20,30)",20-29
Marche,14273,23,"[20,30)",20-29
Lazio,54762,23,"[20,30)",20-29
Abruzzo,12600,23,"[20,30)",20-29
Molise,3077,23,"[20,30)",20-29
Campania,68154,23,"[20,30)",20-29
Puglia,43236,23,"[20,30)",20-29
Basilicata,5865,23,"[20,30)",20-29
Calabria,20533,23,"[20,30)",20-29
Piemonte,39408,24,"[20,30)",20-29
Valle d'Aosta,1154,24,"[20,30)",20-29
Liguria,13267,24,"[20,30)",20-29
Lombardia,94989,24,"[20,30)",20-29
Trentino Alto Adige / Südtirol,11603,24,"[20,30)",20-29
P.A. Bolzano,5941,24,"[20,30)",20-29
P.A. Trento,5662,24,"[20,30)",20-29
Veneto,46906,24,"[20,30)",20-29
Friuli Venezia Giulia,10567,24,"[20,30)",20-29
Emilia-Romagna,40357,24,"[20,30)",20-29
Toscana,32794,24,"[20,30)",20-29
Umbria,7907,24,"[20,30)",20-29
Marche,14428,24,"[20,30)",20-29
Lazio,55343,24,"[20,30)",20-29
Abruzzo,12479,24,"[20,30)",20-29
Molise,3140,24,"[20,30)",20-29
Campania,68102,24,"[20,30)",20-29
Puglia,43064,24,"[20,30)",20-29
Basilicata,5933,24,"[20,30)",20-29
Calabria,20884,24,"[20,30)",20-29
Sicilia,54442,24,"[20,30)",20-29
Sardegna,14865,24,"[20,30)",20-29
Piemonte,39827,25,"[20,30)",20-29
Valle d'Aosta,1142,25,"[20,30)",20-29
Liguria,13350,25,"[20,30)",20-29
Lombardia,96291,25,"[20,30)",20-29
Trentino Alto Adige / Südtirol,11773,25,"[20,30)",20-29
P.A. Bolzano,6094,25,"[20,30)",20-29
P.A. Trento,5679,25,"[20,30)",20-29
Veneto,47084,25,"[20,30)",20-29
Friuli Venezia Giulia,10592,25,"[20,30)",20-29
Emilia-Romagna,41222,25,"[20,30)",20-29
Toscana,33081,25,"[20,30)",20-29
Umbria,7948,25,"[20,30)",20-29
Marche,14308,25,"[20,30)",20-29
Lazio,55827,25,"[20,30)",20-29
Abruzzo,12992,25,"[20,30)",20-29
Molise,3240,25,"[20,30)",20-29
Campania,68758,25,"[20,30)",20-29
Puglia,43266,25,"[20,30)",20-29
Basilicata,6063,25,"[20,30)",20-29
Calabria,21328,25,"[20,30)",20-29
Sicilia,55493,25,"[20,30)",20-29
Sardegna,15035,25,"[20,30)",20-29
Trentino Alto Adige / Südtirol,11641,26,"[20,30)",20-29
P.A. Bolzano,5919,26,"[20,30)",20-29
P.A. Trento,5722,26,"[20,30)",20-29
Veneto,47442,26,"[20,30)",20-29
Friuli Venezia Giulia,10761,26,"[20,30)",20-29
Emilia-Romagna,41887,26,"[20,30)",20-29
Toscana,33652,26,"[20,30)",20-29
Umbria,8168,26,"[20,30)",20-29
Marche,14600,26,"[20,30)",20-29
Lazio,56857,26,"[20,30)",20-29
Abruzzo,13374,26,"[20,30)",20-29
Molise,3317,26,"[20,30)",20-29
Campania,69828,26,"[20,30)",20-29
Puglia,44292,26,"[20,30)",20-29
Basilicata,6165,26,"[20,30)",20-29
Calabria,22144,26,"[20,30)",20-29
Sicilia,57091,26,"[20,30)",20-29
Sardegna,15499,26,"[20,30)",20-29
Piemonte,40479,26,"[20,30)",20-29
Valle d'Aosta,1136,26,"[20,30)",20-29
Liguria,13579,26,"[20,30)",20-29
Lombardia,98414,26,"[20,30)",20-29
Piemonte,41959,27,"[20,30)",20-29
Valle d'Aosta,1233,27,"[20,30)",20-29
Liguria,14327,27,"[20,30)",20-29
Lombardia,102237,27,"[20,30)",20-29
Trentino Alto Adige / Südtirol,12080,27,"[20,30)",20-29
P.A. Bolzano,6097,27,"[20,30)",20-29
P.A. Trento,5983,27,"[20,30)",20-29
Veneto,49338,27,"[20,30)",20-29
Friuli Venezia Giulia,11415,27,"[20,30)",20-29
Emilia-Romagna,44397,27,"[20,30)",20-29
Toscana,35574,27,"[20,30)",20-29
Umbria,8604,27,"[20,30)",20-29
Marche,15201,27,"[20,30)",20-29
Lazio,59566,27,"[20,30)",20-29
Abruzzo,13928,27,"[20,30)",20-29
Molise,3427,27,"[20,30)",20-29
Campania,72654,27,"[20,30)",20-29
Puglia,46038,27,"[20,30)",20-29
Basilicata,6635,27,"[20,30)",20-29
Calabria,22754,27,"[20,30)",20-29
Sicilia,59222,27,"[20,30)",20-29
Sardegna,16153,27,"[20,30)",20-29
Piemonte,42306,28,"[20,30)",20-29
Valle d'Aosta,1196,28,"[20,30)",20-29
Liguria,14093,28,"[20,30)",20-29
Lombardia,103414,28,"[20,30)",20-29
Trentino Alto Adige / Südtirol,12075,28,"[20,30)",20-29
P.A. Bolzano,6218,28,"[20,30)",20-29
Veneto,49235,28,"[20,30)",20-29
Abruzzo,13842,28,"[20,30)",20-29
Molise,3396,28,"[20,30)",20-29
Campania,71820,28,"[20,30)",20-29
Puglia,45130,28,"[20,30)",20-29
Basilicata,6473,28,"[20,30)",20-29
Calabria,22573,28,"[20,30)",20-29
Sicilia,58164,28,"[20,30)",20-29
Sardegna,16480,28,"[20,30)",20-29
P.A. Trento,5857,28,"[20,30)",20-29
Friuli Venezia Giulia,11561,28,"[20,30)",20-29
Emilia-Romagna,44978,28,"[20,30)",20-29
Toscana,35477,28,"[20,30)",20-29
Umbria,8484,28,"[20,30)",20-29
Marche,15155,28,"[20,30)",20-29
Lazio,59161,28,"[20,30)",20-29
Basilicata,6707,29,"[20,30)",20-29
Calabria,23144,29,"[20,30)",20-29
Piemonte,43501,29,"[20,30)",20-29
Valle d'Aosta,1268,29,"[20,30)",20-29
Liguria,14200,29,"[20,30)",20-29
Lombardia,106567,29,"[20,30)",20-29
Trentino Alto Adige / Südtirol,12174,29,"[20,30)",20-29
P.A. Bolzano,6242,29,"[20,30)",20-29
P.A. Trento,5932,29,"[20,30)",20-29
Veneto,50365,29,"[20,30)",20-29
Friuli Venezia Giulia,11698,29,"[20,30)",20-29
Emilia-Romagna,46319,29,"[20,30)",20-29
Toscana,37254,29,"[20,30)",20-29
Umbria,8722,29,"[20,30)",20-29
Marche,15551,29,"[20,30)",20-29
Lazio,61170,29,"[20,30)",20-29
Abruzzo,14063,29,"[20,30)",20-29
Molise,3342,29,"[20,30)",20-29
Sicilia,58539,29,"[20,30)",20-29
Sardegna,17026,29,"[20,30)",20-29
Campania,71252,29,"[20,30)",20-29
Puglia,44931,29,"[20,30)",20-29
Lombardia,107554,30,"[30,40)",30-39
Trentino Alto Adige / Südtirol,12025,30,"[30,40)",30-39
P.A. Bolzano,6158,30,"[30,40)",30-39
P.A. Trento,5867,30,"[30,40)",30-39
Veneto,50132,30,"[30,40)",30-39
Friuli Venezia Giulia,11701,30,"[30,40)",30-39
Emilia-Romagna,46150,30,"[30,40)",30-39
Toscana,36930,30,"[30,40)",30-39
Umbria,8918,30,"[30,40)",30-39
Marche,15367,30,"[30,40)",30-39
Lazio,61510,30,"[30,40)",30-39
Abruzzo,14136,30,"[30,40)",30-39
Molise,3349,30,"[30,40)",30-39
Campania,70782,30,"[30,40)",30-39
Puglia,44417,30,"[30,40)",30-39
Basilicata,6498,30,"[30,40)",30-39
Calabria,23414,30,"[30,40)",30-39
Sicilia,58537,30,"[30,40)",30-39
Sardegna,16982,30,"[30,40)",30-39
Liguria,14198,30,"[30,40)",30-39
Piemonte,42914,30,"[30,40)",30-39
Valle d'Aosta,1238,30,"[30,40)",30-39
Trentino Alto Adige / Südtirol,12092,31,"[30,40)",30-39
P.A. Bolzano,6097,31,"[30,40)",30-39
Liguria,14540,31,"[30,40)",30-39
Valle d'Aosta,1281,31,"[30,40)",30-39
Veneto,51262,31,"[30,40)",30-39
Lombardia,110812,31,"[30,40)",30-39
Friuli Venezia Giulia,12010,31,"[30,40)",30-39
P.A. Trento,5995,31,"[30,40)",30-39
Emilia-Romagna,46883,31,"[30,40)",30-39
Toscana,38395,31,"[30,40)",30-39
Umbria,9336,31,"[30,40)",30-39
Marche,15725,31,"[30,40)",30-39
Lazio,63705,31,"[30,40)",30-39
Abruzzo,14409,31,"[30,40)",30-39
Molise,3386,31,"[30,40)",30-39
Campania,71677,31,"[30,40)",30-39
Puglia,45508,31,"[30,40)",30-39
Basilicata,6504,31,"[30,40)",30-39
Calabria,23922,31,"[30,40)",30-39
Sicilia,58784,31,"[30,40)",30-39
Sardegna,17235,31,"[30,40)",30-39
Piemonte,44185,31,"[30,40)",30-39
Valle d'Aosta,1241,32,"[30,40)",30-39
Liguria,14198,32,"[30,40)",30-39
Lombardia,109093,32,"[30,40)",30-39
Trentino Alto Adige / Südtirol,11897,32,"[30,40)",30-39
P.A. Bolzano,5920,32,"[30,40)",30-39
Veneto,49585,32,"[30,40)",30-39
P.A. Trento,5977,32,"[30,40)",30-39
Friuli Venezia Giulia,11537,32,"[30,40)",30-39
Emilia-Romagna,46864,32,"[30,40)",30-39
Toscana,37573,32,"[30,40)",30-39
Umbria,9027,32,"[30,40)",30-39
Marche,15373,32,"[30,40)",30-39
Lazio,63408,32,"[30,40)",30-39
Sicilia,57281,32,"[30,40)",30-39
Sardegna,17404,32,"[30,40)",30-39
Piemonte,43190,32,"[30,40)",30-39
Abruzzo,14156,32,"[30,40)",30-39
Molise,3428,32,"[30,40)",30-39
Puglia,44564,32,"[30,40)",30-39
Campania,69391,32,"[30,40)",30-39
Basilicata,6418,32,"[30,40)",30-39
Calabria,23467,32,"[30,40)",30-39
Piemonte,43888,33,"[30,40)",30-39
Valle d'Aosta,1244,33,"[30,40)",30-39
Liguria,14100,33,"[30,40)",30-39
Lombardia,110118,33,"[30,40)",30-39
Trentino Alto Adige / Südtirol,11923,33,"[30,40)",30-39
P.A. Bolzano,6050,33,"[30,40)",30-39
P.A. Trento,5873,33,"[30,40)",30-39
Veneto,50111,33,"[30,40)",30-39
Friuli Venezia Giulia,11856,33,"[30,40)",30-39
Emilia-Romagna,47438,33,"[30,40)",30-39
Toscana,37676,33,"[30,40)",30-39
Umbria,9190,33,"[30,40)",30-39
Marche,15931,33,"[30,40)",30-39
Lazio,63823,33,"[30,40)",30-39
Abruzzo,14547,33,"[30,40)",30-39
Molise,3340,33,"[30,40)",30-39
Campania,68832,33,"[30,40)",30-39
Puglia,44199,33,"[30,40)",30-39
Basilicata,6253,33,"[30,40)",30-39
Calabria,23184,33,"[30,40)",30-39
Sicilia,57332,33,"[30,40)",30-39
Sardegna,17417,33,"[30,40)",30-39
Emilia-Romagna,49328,34,"[30,40)",30-39
Toscana,39462,34,"[30,40)",30-39
Marche,16290,34,"[30,40)",30-39
Lazio,66870,34,"[30,40)",30-39
Abruzzo,14947,34,"[30,40)",30-39
Molise,3438,34,"[30,40)",30-39
Campania,70390,34,"[30,40)",30-39
Piemonte,45113,34,"[30,40)",30-39
Umbria,9496,34,"[30,40)",30-39
Puglia,44234,34,"[30,40)",30-39
Basilicata,6513,34,"[30,40)",30-39
Calabria,23295,34,"[30,40)",30-39
Sicilia,57824,34,"[30,40)",30-39
Sardegna,18119,34,"[30,40)",30-39
Trentino Alto Adige / Südtirol,12209,34,"[30,40)",30-39
Valle d'Aosta,1299,34,"[30,40)",30-39
P.A. Trento,6031,34,"[30,40)",30-39
Liguria,14741,34,"[30,40)",30-39
Friuli Venezia Giulia,12394,34,"[30,40)",30-39
P.A. Bolzano,6178,34,"[30,40)",30-39
Lombardia,113852,34,"[30,40)",30-39
Veneto,52727,34,"[30,40)",30-39
Piemonte,45395,35,"[30,40)",30-39
Valle d'Aosta,1310,35,"[30,40)",30-39
Liguria,14620,35,"[30,40)",30-39
Lombardia,116544,35,"[30,40)",30-39
Trentino Alto Adige / Südtirol,12264,35,"[30,40)",30-39
P.A. Bolzano,6180,35,"[30,40)",30-39
P.A. Trento,6084,35,"[30,40)",30-39
Veneto,52812,35,"[30,40)",30-39
Friuli Venezia Giulia,12598,35,"[30,40)",30-39
Emilia-Romagna,50482,35,"[30,40)",30-39
Toscana,40126,35,"[30,40)",30-39
Umbria,9619,35,"[30,40)",30-39
Marche,16481,35,"[30,40)",30-39
Lazio,69063,35,"[30,40)",30-39
Abruzzo,15232,35,"[30,40)",30-39
Molise,3427,35,"[30,40)",30-39
Campania,71437,35,"[30,40)",30-39
Puglia,45872,35,"[30,40)",30-39
Basilicata,6639,35,"[30,40)",30-39
Calabria,23663,35,"[30,40)",30-39
Sicilia,58992,35,"[30,40)",30-39
Sardegna,18438,35,"[30,40)",30-39
Piemonte,46805,36,"[30,40)",30-39
Liguria,15011,36,"[30,40)",30-39
P.A. Trento,6273,36,"[30,40)",30-39
Molise,3479,36,"[30,40)",30-39
Campania,72005,36,"[30,40)",30-39
Puglia,46187,36,"[30,40)",30-39
Basilicata,6540,36,"[30,40)",30-39
Calabria,23522,36,"[30,40)",30-39
Sicilia,58231,36,"[30,40)",30-39
Sardegna,18942,36,"[30,40)",30-39
Valle d'Aosta,1383,36,"[30,40)",30-39
Lombardia,119588,36,"[30,40)",30-39
Trentino Alto Adige / Südtirol,12629,36,"[30,40)",30-39
P.A. Bolzano,6356,36,"[30,40)",30-39
Veneto,53983,36,"[30,40)",30-39
Friuli Venezia Giulia,12650,36,"[30,40)",30-39
Emilia-Romagna,51621,36,"[30,40)",30-39
Toscana,41282,36,"[30,40)",30-39
Umbria,10280,36,"[30,40)",30-39
Marche,17006,36,"[30,40)",30-39
Lazio,70605,36,"[30,40)",30-39
Abruzzo,15229,36,"[30,40)",30-39
Umbria,10214,37,"[30,40)",30-39
Marche,17745,37,"[30,40)",30-39
Lazio,73521,37,"[30,40)",30-39
Puglia,47711,37,"[30,40)",30-39
Piemonte,48704,37,"[30,40)",30-39
Valle d'Aosta,1409,37,"[30,40)",30-39
Liguria,14994,37,"[30,40)",30-39
Lombardia,124112,37,"[30,40)",30-39
Trentino Alto Adige / Südtirol,13059,37,"[30,40)",30-39
P.A. Bolzano,6715,37,"[30,40)",30-39
P.A. Trento,6344,37,"[30,40)",30-39
Veneto,56135,37,"[30,40)",30-39
Friuli Venezia Giulia,13386,37,"[30,40)",30-39
Emilia-Romagna,53200,37,"[30,40)",30-39
Toscana,42516,37,"[30,40)",30-39
Abruzzo,15931,37,"[30,40)",30-39
Molise,3583,37,"[30,40)",30-39
Campania,73816,37,"[30,40)",30-39
Basilicata,6627,37,"[30,40)",30-39
Calabria,23993,37,"[30,40)",30-39
Sicilia,60130,37,"[30,40)",30-39
Sardegna,19990,37,"[30,40)",30-39
Abruzzo,15835,38,"[30,40)",30-39
Molise,3645,38,"[30,40)",30-39
Campania,72941,38,"[30,40)",30-39
Puglia,48430,38,"[30,40)",30-39
Basilicata,6599,38,"[30,40)",30-39
Calabria,23949,38,"[30,40)",30-39
Sicilia,60229,38,"[30,40)",30-39
Sardegna,20050,38,"[30,40)",30-39
Piemonte,48902,38,"[30,40)",30-39
Valle d'Aosta,1329,38,"[30,40)",30-39
Liguria,15667,38,"[30,40)",30-39
Lombardia,124995,38,"[30,40)",30-39
Trentino Alto Adige / Südtirol,12956,38,"[30,40)",30-39
P.A. Bolzano,6746,38,"[30,40)",30-39
P.A. Trento,6210,38,"[30,40)",30-39
Veneto,57256,38,"[30,40)",30-39
Friuli Venezia Giulia,13489,38,"[30,40)",30-39
Emilia-Romagna,53613,38,"[30,40)",30-39
Toscana,43111,38,"[30,40)",30-39
Umbria,10491,38,"[30,40)",30-39
Marche,17844,38,"[30,40)",30-39
Lazio,74362,38,"[30,40)",30-39
Piemonte,50271,39,"[30,40)",30-39
Valle d'Aosta,1440,39,"[30,40)",30-39
Liguria,15533,39,"[30,40)",30-39
Lombardia,127531,39,"[30,40)",30-39
Trentino Alto Adige / Südtirol,13135,39,"[30,40)",30-39
P.A. Bolzano,6727,39,"[30,40)",30-39
P.A. Trento,6408,39,"[30,40)",30-39
Veneto,58838,39,"[30,40)",30-39
Friuli Venezia Giulia,14008,39,"[30,40)",30-39
Emilia-Romagna,55662,39,"[30,40)",30-39
Toscana,44417,39,"[30,40)",30-39
Umbria,10592,39,"[30,40)",30-39
Marche,18625,39,"[30,40)",30-39
Lazio,75841,39,"[30,40)",30-39
Abruzzo,16291,39,"[30,40)",30-39
Molise,3586,39,"[30,40)",30-39
Campania,73987,39,"[30,40)",30-39
Puglia,49839,39,"[30,40)",30-39
Basilicata,6613,39,"[30,40)",30-39
Sicilia,62407,39,"[30,40)",30-39
Calabria,24259,39,"[30,40)",30-39
Sardegna,20855,39,"[30,40)",30-39
Toscana,46583,40,"[40,50)",40-49
Emilia-Romagna,57998,40,"[40,50)",40-49
Abruzzo,16930,40,"[40,50)",40-49
Lazio,78238,40,"[40,50)",40-49
Piemonte,51568,40,"[40,50)",40-49
Valle d'Aosta,1424,40,"[40,50)",40-49
Liguria,16270,40,"[40,50)",40-49
Lombardia,130774,40,"[40,50)",40-49
Trentino Alto Adige / Südtirol,13179,40,"[40,50)",40-49
P.A. Bolzano,6593,40,"[40,50)",40-49
P.A. Trento,6586,40,"[40,50)",40-49
Veneto,61341,40,"[40,50)",40-49
Friuli Venezia Giulia,14391,40,"[40,50)",40-49
Umbria,11014,40,"[40,50)",40-49
Marche,19450,40,"[40,50)",40-49
Molise,3797,40,"[40,50)",40-49
Campania,75640,40,"[40,50)",40-49
Puglia,52533,40,"[40,50)",40-49
Basilicata,6768,40,"[40,50)",40-49
Calabria,24826,40,"[40,50)",40-49
Sicilia,63097,40,"[40,50)",40-49
Sardegna,21050,40,"[40,50)",40-49
Piemonte,55153,41,"[40,50)",40-49
Valle d'Aosta,1708,41,"[40,50)",40-49
Liguria,17586,41,"[40,50)",40-49
Lombardia,138105,41,"[40,50)",40-49
Trentino Alto Adige / Südtirol,13883,41,"[40,50)",40-49
P.A. Bolzano,6778,41,"[40,50)",40-49
P.A. Trento,7105,41,"[40,50)",40-49
Veneto,65589,41,"[40,50)",40-49
Friuli Venezia Giulia,15664,41,"[40,50)",40-49
Emilia-Romagna,61720,41,"[40,50)",40-49
Toscana,49404,41,"[40,50)",40-49
Umbria,11605,41,"[40,50)",40-49
Marche,20699,41,"[40,50)",40-49
Lazio,82513,41,"[40,50)",40-49
Abruzzo,17594,41,"[40,50)",40-49
Molise,3902,41,"[40,50)",40-49
Puglia,54289,41,"[40,50)",40-49
Basilicata,7219,41,"[40,50)",40-49
Calabria,25160,41,"[40,50)",40-49
Campania,77715,41,"[40,50)",40-49
Sicilia,64894,41,"[40,50)",40-49
Sardegna,23090,41,"[40,50)",40-49
Friuli Venezia Giulia,15915,42,"[40,50)",40-49
Emilia-Romagna,64322,42,"[40,50)",40-49
Toscana,51276,42,"[40,50)",40-49
Piemonte,58102,42,"[40,50)",40-49
Valle d'Aosta,1659,42,"[40,50)",40-49
Liguria,18607,42,"[40,50)",40-49
Lombardia,144006,42,"[40,50)",40-49
Trentino Alto Adige / Südtirol,13980,42,"[40,50)",40-49
P.A. Bolzano,6752,42,"[40,50)",40-49
P.A. Trento,7228,42,"[40,50)",40-49
Veneto,68034,42,"[40,50)",40-49
Umbria,12087,42,"[40,50)",40-49
Marche,21294,42,"[40,50)",40-49
Lazio,84090,42,"[40,50)",40-49
Abruzzo,17738,42,"[40,50)",40-49
Molise,3963,42,"[40,50)",40-49
Campania,79245,42,"[40,50)",40-49
Puglia,56482,42,"[40,50)",40-49
Basilicata,7361,42,"[40,50)",40-49
Calabria,25690,42,"[40,50)",40-49
Sicilia,65838,42,"[40,50)",40-49
Sardegna,23517,42,"[40,50)",40-49
Piemonte,60774,43,"[40,50)",40-49
Valle d'Aosta,1782,43,"[40,50)",40-49
Liguria,19788,43,"[40,50)",40-49
Lombardia,149545,43,"[40,50)",40-49
Trentino Alto Adige / Südtirol,14547,43,"[40,50)",40-49
P.A. Bolzano,6958,43,"[40,50)",40-49
P.A. Trento,7589,43,"[40,50)",40-49
Veneto,71149,43,"[40,50)",40-49
Friuli Venezia Giulia,16874,43,"[40,50)",40-49
Emilia-Romagna,67516,43,"[40,50)",40-49
Toscana,53755,43,"[40,50)",40-49
Marche,21904,43,"[40,50)",40-49
Umbria,12424,43,"[40,50)",40-49
Lazio,87658,43,"[40,50)",40-49
Abruzzo,18493,43,"[40,50)",40-49
Molise,4066,43,"[40,50)",40-49
Campania,82208,43,"[40,50)",40-49
Puglia,58656,43,"[40,50)",40-49
Basilicata,7870,43,"[40,50)",40-49
Calabria,26939,43,"[40,50)",40-49
Sicilia,69048,43,"[40,50)",40-49
Sardegna,24468,43,"[40,50)",40-49
Piemonte,64456,44,"[40,50)",40-49
Valle d'Aosta,1841,44,"[40,50)",40-49
Liguria,21177,44,"[40,50)",40-49
Lombardia,159303,44,"[40,50)",40-49
Abruzzo,19005,44,"[40,50)",40-49
Molise,4324,44,"[40,50)",40-49
Campania,85009,44,"[40,50)",40-49
Puglia,60241,44,"[40,50)",40-49
Basilicata,7989,44,"[40,50)",40-49
Calabria,26861,44,"[40,50)",40-49
Sicilia,70808,44,"[40,50)",40-49
Sardegna,25721,44,"[40,50)",40-49
Trentino Alto Adige / Südtirol,15311,44,"[40,50)",40-49
P.A. Bolzano,7433,44,"[40,50)",40-49
P.A. Trento,7878,44,"[40,50)",40-49
Veneto,74794,44,"[40,50)",40-49
Friuli Venezia Giulia,17871,44,"[40,50)",40-49
Emilia-Romagna,70994,44,"[40,50)",40-49
Toscana,56570,44,"[40,50)",40-49
Umbria,13041,44,"[40,50)",40-49
Marche,23021,44,"[40,50)",40-49
Lazio,92094,44,"[40,50)",40-49
Piemonte,67320,45,"[40,50)",40-49
Toscana,59349,45,"[40,50)",40-49
Valle d'Aosta,1955,45,"[40,50)",40-49
Umbria,13644,45,"[40,50)",40-49
Liguria,22576,45,"[40,50)",40-49
Lombardia,164177,45,"[40,50)",40-49
Trentino Alto Adige / Südtirol,16229,45,"[40,50)",40-49
P.A. Bolzano,7881,45,"[40,50)",40-49
P.A. Trento,8348,45,"[40,50)",40-49
Veneto,79530,45,"[40,50)",40-49
Friuli Venezia Giulia,19320,45,"[40,50)",40-49
Emilia-Romagna,74067,45,"[40,50)",40-49
Marche,23585,45,"[40,50)",40-49
Lazio,95799,45,"[40,50)",40-49
Abruzzo,19819,45,"[40,50)",40-49
Molise,4499,45,"[40,50)",40-49
Campania,87943,45,"[40,50)",40-49
Puglia,61782,45,"[40,50)",40-49
Basilicata,8189,45,"[40,50)",40-49
Calabria,27183,45,"[40,50)",40-49
Sicilia,73357,45,"[40,50)",40-49
Sardegna,26868,45,"[40,50)",40-49
Trentino Alto Adige / Südtirol,16272,46,"[40,50)",40-49
P.A. Bolzano,7970,46,"[40,50)",40-49
P.A. Trento,8302,46,"[40,50)",40-49
Veneto,78989,46,"[40,50)",40-49
Friuli Venezia Giulia,19133,46,"[40,50)",40-49
Emilia-Romagna,74043,46,"[40,50)",40-49
Toscana,59592,46,"[40,50)",40-49
Umbria,13561,46,"[40,50)",40-49
Marche,23247,46,"[40,50)",40-49
Lazio,95794,46,"[40,50)",40-49
Abruzzo,19575,46,"[40,50)",40-49
Molise,4340,46,"[40,50)",40-49
Campania,86661,46,"[40,50)",40-49
Puglia,59871,46,"[40,50)",40-49
Basilicata,8059,46,"[40,50)",40-49
Calabria,27117,46,"[40,50)",40-49
Sicilia,72020,46,"[40,50)",40-49
Sardegna,26881,46,"[40,50)",40-49
Piemonte,68869,47,"[40,50)",40-49
Valle d'Aosta,2017,47,"[40,50)",40-49
Liguria,24222,47,"[40,50)",40-49
Lombardia,165437,47,"[40,50)",40-49
Trentino Alto Adige / Südtirol,16513,47,"[40,50)",40-49
P.A. Bolzano,8319,47,"[40,50)",40-49
P.A. Trento,8194,47,"[40,50)",40-49
Veneto,80178,47,"[40,50)",40-49
Friuli Venezia Giulia,19738,47,"[40,50)",40-49
Emilia-Romagna,74226,47,"[40,50)",40-49
Toscana,60095,47,"[40,50)",40-49
Umbria,13400,47,"[40,50)",40-49
Marche,23494,47,"[40,50)",40-49
Lazio,96772,47,"[40,50)",40-49
Abruzzo,20194,47,"[40,50)",40-49
Molise,4457,47,"[40,50)",40-49
Campania,87234,47,"[40,50)",40-49
Puglia,58990,47,"[40,50)",40-49
Basilicata,8244,47,"[40,50)",40-49
Calabria,27347,47,"[40,50)",40-49
Sicilia,72415,47,"[40,50)",40-49
Sardegna,26575,47,"[40,50)",40-49
Piemonte,69993,48,"[40,50)",40-49
Valle d'Aosta,2102,48,"[40,50)",40-49
Liguria,24490,48,"[40,50)",40-49
Lombardia,165584,48,"[40,50)",40-49
Trentino Alto Adige / Südtirol,17076,48,"[40,50)",40-49
P.A. Bolzano,8499,48,"[40,50)",40-49
P.A. Trento,8577,48,"[40,50)",40-49
Veneto,81203,48,"[40,50)",40-49
Friuli Venezia Giulia,19782,48,"[40,50)",40-49
Emilia-Romagna,74728,48,"[40,50)",40-49
Toscana,60564,48,"[40,50)",40-49
Umbria,13633,48,"[40,50)",40-49
Marche,24262,48,"[40,50)",40-49
Lazio,96727,48,"[40,50)",40-49
Abruzzo,20558,48,"[40,50)",40-49
Molise,4428,48,"[40,50)",40-49
Campania,87685,48,"[40,50)",40-49
Puglia,60408,48,"[40,50)",40-49
Basilicata,8326,48,"[40,50)",40-49
Calabria,27763,48,"[40,50)",40-49
Sicilia,73849,48,"[40,50)",40-49
Sardegna,26547,48,"[40,50)",40-49
Piemonte,67215,46,"[40,50)",40-49
Valle d'Aosta,2003,46,"[40,50)",40-49
Liguria,22990,46,"[40,50)",40-49
Lombardia,164021,46,"[40,50)",40-49
Piemonte,69295,49,"[40,50)",40-49
Valle d'Aosta,2064,49,"[40,50)",40-49
Liguria,24664,49,"[40,50)",40-49
Lombardia,164121,49,"[40,50)",40-49
Trentino Alto Adige / Südtirol,16762,49,"[40,50)",40-49
P.A. Bolzano,8481,49,"[40,50)",40-49
P.A. Trento,8281,49,"[40,50)",40-49
Veneto,81245,49,"[40,50)",40-49
Friuli Venezia Giulia,19989,49,"[40,50)",40-49
Emilia-Romagna,73698,49,"[40,50)",40-49
Toscana,59479,49,"[40,50)",40-49
Umbria,13423,49,"[40,50)",40-49
Marche,23494,49,"[40,50)",40-49
Lazio,96643,49,"[40,50)",40-49
Abruzzo,20154,49,"[40,50)",40-49
Molise,4438,49,"[40,50)",40-49
Campania,86257,49,"[40,50)",40-49
Puglia,60040,49,"[40,50)",40-49
Basilicata,8442,49,"[40,50)",40-49
Calabria,27531,49,"[40,50)",40-49
Sicilia,73113,49,"[40,50)",40-49
Sardegna,26213,49,"[40,50)",40-49
Toscana,61065,50,"[50,60)",50-59
Umbria,13860,50,"[50,60)",50-59
Marche,24388,50,"[50,60)",50-59
Lazio,97972,50,"[50,60)",50-59
Abruzzo,21054,50,"[50,60)",50-59
Molise,4683,50,"[50,60)",50-59
Campania,88559,50,"[50,60)",50-59
Basilicata,8681,50,"[50,60)",50-59
Calabria,29051,50,"[50,60)",50-59
Sicilia,75468,50,"[50,60)",50-59
Sardegna,27069,50,"[50,60)",50-59
Piemonte,71752,50,"[50,60)",50-59
Valle d'Aosta,2201,50,"[50,60)",50-59
Liguria,25246,50,"[50,60)",50-59
Lombardia,168262,50,"[50,60)",50-59
Trentino Alto Adige / Südtirol,17634,50,"[50,60)",50-59
P.A. Bolzano,8896,50,"[50,60)",50-59
P.A. Trento,8738,50,"[50,60)",50-59
Veneto,83349,50,"[50,60)",50-59
Friuli Venezia Giulia,20071,50,"[50,60)",50-59
Emilia-Romagna,74376,50,"[50,60)",50-59
Puglia,61584,50,"[50,60)",50-59
Piemonte,71239,51,"[50,60)",50-59
Valle d'Aosta,2112,51,"[50,60)",50-59
Liguria,25485,51,"[50,60)",50-59
Lombardia,167340,51,"[50,60)",50-59
Trentino Alto Adige / Südtirol,17477,51,"[50,60)",50-59
P.A. Bolzano,8770,51,"[50,60)",50-59
P.A. Trento,8707,51,"[50,60)",50-59
Veneto,82398,51,"[50,60)",50-59
Friuli Venezia Giulia,19983,51,"[50,60)",50-59
Emilia-Romagna,73973,51,"[50,60)",50-59
Toscana,60195,51,"[50,60)",50-59
Umbria,13812,51,"[50,60)",50-59
Marche,24050,51,"[50,60)",50-59
Lazio,96850,51,"[50,60)",50-59
Abruzzo,20872,51,"[50,60)",50-59
Molise,4695,51,"[50,60)",50-59
Campania,88490,51,"[50,60)",50-59
Puglia,61788,51,"[50,60)",50-59
Basilicata,8756,51,"[50,60)",50-59
Calabria,28619,51,"[50,60)",50-59
Sicilia,74499,51,"[50,60)",50-59
Sardegna,26348,51,"[50,60)",50-59
Piemonte,71191,52,"[50,60)",50-59
Valle d'Aosta,2175,52,"[50,60)",50-59
Liguria,25351,52,"[50,60)",50-59
Lombardia,166682,52,"[50,60)",50-59
Trentino Alto Adige / Südtirol,17416,52,"[50,60)",50-59
P.A. Bolzano,8578,52,"[50,60)",50-59
P.A. Trento,8838,52,"[50,60)",50-59
Veneto,83014,52,"[50,60)",50-59
Friuli Venezia Giulia,20217,52,"[50,60)",50-59
Emilia-Romagna,72843,52,"[50,60)",50-59
Toscana,60599,52,"[50,60)",50-59
Umbria,13653,52,"[50,60)",50-59
Marche,24125,52,"[50,60)",50-59
Lazio,96901,52,"[50,60)",50-59
Abruzzo,21060,52,"[50,60)",50-59
Molise,4821,52,"[50,60)",50-59
Campania,89510,52,"[50,60)",50-59
Puglia,62572,52,"[50,60)",50-59
Basilicata,9022,52,"[50,60)",50-59
Calabria,28953,52,"[50,60)",50-59
Sicilia,75229,52,"[50,60)",50-59
Sardegna,27194,52,"[50,60)",50-59
Piemonte,71724,53,"[50,60)",50-59
Valle d'Aosta,2203,53,"[50,60)",50-59
Liguria,26340,53,"[50,60)",50-59
Lombardia,169652,53,"[50,60)",50-59
Trentino Alto Adige / Südtirol,17784,53,"[50,60)",50-59
P.A. Bolzano,8818,53,"[50,60)",50-59
P.A. Trento,8966,53,"[50,60)",50-59
Veneto,83653,53,"[50,60)",50-59
Friuli Venezia Giulia,20257,53,"[50,60)",50-59
Emilia-Romagna,73514,53,"[50,60)",50-59
Toscana,61360,53,"[50,60)",50-59
Umbria,13660,53,"[50,60)",50-59
Marche,24284,53,"[50,60)",50-59
Lazio,97282,53,"[50,60)",50-59
Abruzzo,21245,53,"[50,60)",50-59
Molise,4886,53,"[50,60)",50-59
Campania,90043,53,"[50,60)",50-59
Puglia,63011,53,"[50,60)",50-59
Basilicata,8759,53,"[50,60)",50-59
Calabria,29047,53,"[50,60)",50-59
Sicilia,74688,53,"[50,60)",50-59
Sardegna,27423,53,"[50,60)",50-59
Piemonte,71373,54,"[50,60)",50-59
Valle d'Aosta,2113,54,"[50,60)",50-59
Liguria,26833,54,"[50,60)",50-59
Lombardia,168236,54,"[50,60)",50-59
Trentino Alto Adige / Südtirol,17909,54,"[50,60)",50-59
P.A. Bolzano,8836,54,"[50,60)",50-59
P.A. Trento,9073,54,"[50,60)",50-59
Veneto,83635,54,"[50,60)",50-59
Friuli Venezia Giulia,20487,54,"[50,60)",50-59
Emilia-Romagna,72467,54,"[50,60)",50-59
Toscana,61325,54,"[50,60)",50-59
Umbria,14170,54,"[50,60)",50-59
Marche,24160,54,"[50,60)",50-59
Lazio,97103,54,"[50,60)",50-59
Abruzzo,21272,54,"[50,60)",50-59
Molise,4884,54,"[50,60)",50-59
Campania,89931,54,"[50,60)",50-59
Puglia,63002,54,"[50,60)",50-59
Basilicata,8917,54,"[50,60)",50-59
Calabria,28804,54,"[50,60)",50-59
Sicilia,74090,54,"[50,60)",50-59
Sardegna,27344,54,"[50,60)",50-59
Piemonte,72421,55,"[50,60)",50-59
Valle d'Aosta,2262,55,"[50,60)",50-59
Liguria,27047,55,"[50,60)",50-59
Lombardia,166957,55,"[50,60)",50-59
Trentino Alto Adige / Südtirol,17823,55,"[50,60)",50-59
P.A. Trento,9053,55,"[50,60)",50-59
Veneto,84302,55,"[50,60)",50-59
Friuli Venezia Giulia,20824,55,"[50,60)",50-59
Emilia-Romagna,73674,55,"[50,60)",50-59
Toscana,61888,55,"[50,60)",50-59
P.A. Bolzano,8770,55,"[50,60)",50-59
Umbria,14230,55,"[50,60)",50-59
Marche,24853,55,"[50,60)",50-59
Lazio,98595,55,"[50,60)",50-59
Abruzzo,21378,55,"[50,60)",50-59
Molise,5053,55,"[50,60)",50-59
Campania,91751,55,"[50,60)",50-59
Puglia,63905,55,"[50,60)",50-59
Basilicata,9227,55,"[50,60)",50-59
Calabria,30062,55,"[50,60)",50-59
Sicilia,76013,55,"[50,60)",50-59
Sardegna,27906,55,"[50,60)",50-59
Friuli Venezia Giulia,19748,56,"[50,60)",50-59
Emilia-Romagna,68878,56,"[50,60)",50-59
Toscana,57768,56,"[50,60)",50-59
Umbria,13330,56,"[50,60)",50-59
Marche,23517,56,"[50,60)",50-59
Lazio,92261,56,"[50,60)",50-59
Piemonte,67550,56,"[50,60)",50-59
Valle d'Aosta,2078,56,"[50,60)",50-59
Liguria,25426,56,"[50,60)",50-59
Lombardia,155897,56,"[50,60)",50-59
Trentino Alto Adige / Südtirol,16696,56,"[50,60)",50-59
P.A. Bolzano,8200,56,"[50,60)",50-59
P.A. Trento,8496,56,"[50,60)",50-59
Veneto,78942,56,"[50,60)",50-59
Abruzzo,20132,56,"[50,60)",50-59
Molise,4694,56,"[50,60)",50-59
Campania,85981,56,"[50,60)",50-59
Puglia,59288,56,"[50,60)",50-59
Basilicata,8721,56,"[50,60)",50-59
Calabria,28373,56,"[50,60)",50-59
Sicilia,71871,56,"[50,60)",50-59
Sardegna,26674,56,"[50,60)",50-59
Toscana,55650,57,"[50,60)",50-59
Umbria,12955,57,"[50,60)",50-59
Marche,22386,57,"[50,60)",50-59
Lazio,88179,57,"[50,60)",50-59
Abruzzo,19393,57,"[50,60)",50-59
Molise,4566,57,"[50,60)",50-59
Campania,83901,57,"[50,60)",50-59
Puglia,57748,57,"[50,60)",50-59
Basilicata,8800,57,"[50,60)",50-59
Calabria,28281,57,"[50,60)",50-59
Sicilia,71584,57,"[50,60)",50-59
Sardegna,25997,57,"[50,60)",50-59
Piemonte,65010,57,"[50,60)",50-59
Valle d'Aosta,1912,57,"[50,60)",50-59
Liguria,24459,57,"[50,60)",50-59
Lombardia,147857,57,"[50,60)",50-59
Trentino Alto Adige / Südtirol,15781,57,"[50,60)",50-59
P.A. Bolzano,7830,57,"[50,60)",50-59
P.A. Trento,7951,57,"[50,60)",50-59
Veneto,75880,57,"[50,60)",50-59
Friuli Venezia Giulia,18680,57,"[50,60)",50-59
Emilia-Romagna,66450,57,"[50,60)",50-59
Piemonte,64262,58,"[50,60)",50-59
Valle d'Aosta,1940,58,"[50,60)",50-59
Liguria,23668,58,"[50,60)",50-59
Lombardia,143184,58,"[50,60)",50-59
Trentino Alto Adige / Südtirol,15752,58,"[50,60)",50-59
P.A. Bolzano,7585,58,"[50,60)",50-59
P.A. Trento,8167,58,"[50,60)",50-59
Veneto,74210,58,"[50,60)",50-59
Friuli Venezia Giulia,18219,58,"[50,60)",50-59
Emilia-Romagna,64992,58,"[50,60)",50-59
Toscana,54466,58,"[50,60)",50-59
Umbria,12907,58,"[50,60)",50-59
Marche,22636,58,"[50,60)",50-59
Lazio,85679,58,"[50,60)",50-59
Abruzzo,19039,58,"[50,60)",50-59
Molise,4524,58,"[50,60)",50-59
Campania,82037,58,"[50,60)",50-59
Puglia,57131,58,"[50,60)",50-59
Basilicata,8555,58,"[50,60)",50-59
Calabria,27957,58,"[50,60)",50-59
Sicilia,69770,58,"[50,60)",50-59
Sardegna,25451,58,"[50,60)",50-59
Piemonte,62176,59,"[50,60)",50-59
Valle d'Aosta,1761,59,"[50,60)",50-59
Sicilia,69753,59,"[50,60)",50-59
Sardegna,24662,59,"[50,60)",50-59
Liguria,22830,59,"[50,60)",50-59
Lombardia,138042,59,"[50,60)",50-59
Trentino Alto Adige / Südtirol,15072,59,"[50,60)",50-59
P.A. Bolzano,7256,59,"[50,60)",50-59
P.A. Trento,7816,59,"[50,60)",50-59
Veneto,70077,59,"[50,60)",50-59
Friuli Venezia Giulia,17597,59,"[50,60)",50-59
Emilia-Romagna,62930,59,"[50,60)",50-59
Toscana,52794,59,"[50,60)",50-59
Umbria,12722,59,"[50,60)",50-59
Marche,21795,59,"[50,60)",50-59
Lazio,82008,59,"[50,60)",50-59
Abruzzo,18712,59,"[50,60)",50-59
Molise,4637,59,"[50,60)",50-59
Campania,78481,59,"[50,60)",50-59
Puglia,55557,59,"[50,60)",50-59
Basilicata,8384,59,"[50,60)",50-59
Calabria,27657,59,"[50,60)",50-59
Piemonte,60580,60,"[60,70)",60-69
Valle d'Aosta,1857,60,"[60,70)",60-69
Liguria,22619,60,"[60,70)",60-69
Lombardia,133949,60,"[60,70)",60-69
Trentino Alto Adige / Südtirol,14544,60,"[60,70)",60-69
P.A. Bolzano,6954,60,"[60,70)",60-69
P.A. Trento,7590,60,"[60,70)",60-69
Veneto,69527,60,"[60,70)",60-69
Friuli Venezia Giulia,17347,60,"[60,70)",60-69
Emilia-Romagna,61429,60,"[60,70)",60-69
Toscana,51500,60,"[60,70)",60-69
Umbria,12188,60,"[60,70)",60-69
Marche,21200,60,"[60,70)",60-69
Lazio,79288,60,"[60,70)",60-69
Abruzzo,18421,60,"[60,70)",60-69
Molise,4444,60,"[60,70)",60-69
Campania,77176,60,"[60,70)",60-69
Puglia,54177,60,"[60,70)",60-69
Basilicata,8051,60,"[60,70)",60-69
Calabria,26960,60,"[60,70)",60-69
Sicilia,66165,60,"[60,70)",60-69
Sardegna,24117,60,"[60,70)",60-69
Sardegna,23682,61,"[60,70)",60-69
Basilicata,7763,61,"[60,70)",60-69
Sicilia,63998,61,"[60,70)",60-69
Puglia,51287,61,"[60,70)",60-69
Calabria,25056,61,"[60,70)",60-69
Piemonte,58898,61,"[60,70)",60-69
Valle d'Aosta,1666,61,"[60,70)",60-69
Liguria,21614,61,"[60,70)",60-69
Lombardia,127416,61,"[60,70)",60-69
Trentino Alto Adige / Südtirol,13645,61,"[60,70)",60-69
P.A. Bolzano,6499,61,"[60,70)",60-69
P.A. Trento,7146,61,"[60,70)",60-69
Veneto,65103,61,"[60,70)",60-69
Friuli Venezia Giulia,16354,61,"[60,70)",60-69
Emilia-Romagna,58440,61,"[60,70)",60-69
Toscana,49497,61,"[60,70)",60-69
Umbria,11533,61,"[60,70)",60-69
Abruzzo,17733,61,"[60,70)",60-69
Molise,4204,61,"[60,70)",60-69
Campania,73066,61,"[60,70)",60-69
Marche,20562,61,"[60,70)",60-69
Lazio,75814,61,"[60,70)",60-69
Piemonte,58516,62,"[60,70)",60-69
Valle d'Aosta,1661,62,"[60,70)",60-69
Liguria,21355,62,"[60,70)",60-69
Lombardia,124714,62,"[60,70)",60-69
Trentino Alto Adige / Südtirol,13352,62,"[60,70)",60-69
P.A. Bolzano,6269,62,"[60,70)",60-69
P.A. Trento,7083,62,"[60,70)",60-69
Veneto,63594,62,"[60,70)",60-69
Friuli Venezia Giulia,15961,62,"[60,70)",60-69
Emilia-Romagna,57966,62,"[60,70)",60-69
Toscana,48339,62,"[60,70)",60-69
Umbria,11285,62,"[60,70)",60-69
Marche,20083,62,"[60,70)",60-69
Lazio,74285,62,"[60,70)",60-69
Abruzzo,17472,62,"[60,70)",60-69
Molise,4204,62,"[60,70)",60-69
Campania,71977,62,"[60,70)",60-69
Puglia,51927,62,"[60,70)",60-69
Basilicata,7606,62,"[60,70)",60-69
Calabria,25763,62,"[60,70)",60-69
Sicilia,63784,62,"[60,70)",60-69
Sardegna,23647,62,"[60,70)",60-69
Piemonte,57123,63,"[60,70)",60-69
Valle d'Aosta,1598,63,"[60,70)",60-69
Liguria,20763,63,"[60,70)",60-69
Lombardia,122405,63,"[60,70)",60-69
Trentino Alto Adige / Südtirol,12891,63,"[60,70)",60-69
Basilicata,7725,63,"[60,70)",60-69
Calabria,24875,63,"[60,70)",60-69
Sicilia,62144,63,"[60,70)",60-69
Sardegna,23132,63,"[60,70)",60-69
P.A. Bolzano,5928,63,"[60,70)",60-69
P.A. Trento,6963,63,"[60,70)",60-69
Veneto,62342,63,"[60,70)",60-69
Friuli Venezia Giulia,15747,63,"[60,70)",60-69
Emilia-Romagna,56909,63,"[60,70)",60-69
Toscana,47620,63,"[60,70)",60-69
Umbria,11469,63,"[60,70)",60-69
Marche,20198,63,"[60,70)",60-69
Lazio,72422,63,"[60,70)",60-69
Abruzzo,17178,63,"[60,70)",60-69
Molise,4197,63,"[60,70)",60-69
Campania,68582,63,"[60,70)",60-69
Puglia,50411,63,"[60,70)",60-69
Sardegna,22390,64,"[60,70)",60-69
Piemonte,55970,64,"[60,70)",60-69
Valle d'Aosta,1622,64,"[60,70)",60-69
Liguria,20083,64,"[60,70)",60-69
Lombardia,118648,64,"[60,70)",60-69
Trentino Alto Adige / Südtirol,12320,64,"[60,70)",60-69
P.A. Bolzano,5621,64,"[60,70)",60-69
P.A. Trento,6699,64,"[60,70)",60-69
Veneto,59960,64,"[60,70)",60-69
Friuli Venezia Giulia,15377,64,"[60,70)",60-69
Emilia-Romagna,54473,64,"[60,70)",60-69
Toscana,46609,64,"[60,70)",60-69
Umbria,11175,64,"[60,70)",60-69
Marche,19403,64,"[60,70)",60-69
Lazio,71015,64,"[60,70)",60-69
Abruzzo,17188,64,"[60,70)",60-69
Molise,4121,64,"[60,70)",60-69
Campania,69129,64,"[60,70)",60-69
Puglia,49916,64,"[60,70)",60-69
Basilicata,7406,64,"[60,70)",60-69
Calabria,24673,64,"[60,70)",60-69
Sicilia,61780,64,"[60,70)",60-69
Piemonte,55161,65,"[60,70)",60-69
Valle d'Aosta,1592,65,"[60,70)",60-69
Liguria,19979,65,"[60,70)",60-69
Lombardia,115894,65,"[60,70)",60-69
Trentino Alto Adige / Südtirol,11901,65,"[60,70)",60-69
P.A. Bolzano,5400,65,"[60,70)",60-69
P.A. Trento,6501,65,"[60,70)",60-69
Veneto,58876,65,"[60,70)",60-69
Friuli Venezia Giulia,15102,65,"[60,70)",60-69
Emilia-Romagna,52880,65,"[60,70)",60-69
Toscana,46049,65,"[60,70)",60-69
Umbria,10886,65,"[60,70)",60-69
Marche,18696,65,"[60,70)",60-69
Lazio,69454,65,"[60,70)",60-69
Abruzzo,16796,65,"[60,70)",60-69
Molise,4158,65,"[60,70)",60-69
Campania,68139,65,"[60,70)",60-69
Puglia,48418,65,"[60,70)",60-69
Basilicata,7396,65,"[60,70)",60-69
Calabria,24475,65,"[60,70)",60-69
Sicilia,61081,65,"[60,70)",60-69
Sardegna,22651,65,"[60,70)",60-69
Trentino Alto Adige / Südtirol,11688,66,"[60,70)",60-69
P.A. Bolzano,5285,66,"[60,70)",60-69
P.A. Trento,6403,66,"[60,70)",60-69
Veneto,56779,66,"[60,70)",60-69
Friuli Venezia Giulia,15000,66,"[60,70)",60-69
Emilia-Romagna,50532,66,"[60,70)",60-69
Toscana,43629,66,"[60,70)",60-69
Umbria,10689,66,"[60,70)",60-69
Marche,18150,66,"[60,70)",60-69
Lazio,65275,66,"[60,70)",60-69
Abruzzo,15728,66,"[60,70)",60-69
Molise,3786,66,"[60,70)",60-69
Campania,62292,66,"[60,70)",60-69
Puglia,46694,66,"[60,70)",60-69
Basilicata,6810,66,"[60,70)",60-69
Piemonte,53151,66,"[60,70)",60-69
Valle d'Aosta,1560,66,"[60,70)",60-69
Liguria,19302,66,"[60,70)",60-69
Lombardia,111738,66,"[60,70)",60-69
Calabria,23045,66,"[60,70)",60-69
Sicilia,56152,66,"[60,70)",60-69
Sardegna,21488,66,"[60,70)",60-69
Trentino Alto Adige / Südtirol,11354,67,"[60,70)",60-69
P.A. Bolzano,5116,67,"[60,70)",60-69
P.A. Trento,6238,67,"[60,70)",60-69
Veneto,55612,67,"[60,70)",60-69
Friuli Venezia Giulia,14809,67,"[60,70)",60-69
Emilia-Romagna,49703,67,"[60,70)",60-69
Toscana,43128,67,"[60,70)",60-69
Umbria,10082,67,"[60,70)",60-69
Marche,18060,67,"[60,70)",60-69
Abruzzo,15599,67,"[60,70)",60-69
Molise,3912,67,"[60,70)",60-69
Piemonte,52941,67,"[60,70)",60-69
Valle d'Aosta,1493,67,"[60,70)",60-69
Liguria,18664,67,"[60,70)",60-69
Lazio,63408,67,"[60,70)",60-69
Campania,60040,67,"[60,70)",60-69
Puglia,44689,67,"[60,70)",60-69
Basilicata,6704,67,"[60,70)",60-69
Calabria,21745,67,"[60,70)",60-69
Sicilia,55395,67,"[60,70)",60-69
Sardegna,21132,67,"[60,70)",60-69
Lombardia,111032,67,"[60,70)",60-69
Piemonte,51885,68,"[60,70)",60-69
Valle d'Aosta,1510,68,"[60,70)",60-69
Liguria,18617,68,"[60,70)",60-69
Lombardia,109629,68,"[60,70)",60-69
Trentino Alto Adige / Südtirol,11019,68,"[60,70)",60-69
P.A. Bolzano,4944,68,"[60,70)",60-69
P.A. Trento,6075,68,"[60,70)",60-69
Veneto,54670,68,"[60,70)",60-69
Friuli Venezia Giulia,14594,68,"[60,70)",60-69
Emilia-Romagna,48825,68,"[60,70)",60-69
Toscana,42836,68,"[60,70)",60-69
Marche,18280,68,"[60,70)",60-69
Lazio,62378,68,"[60,70)",60-69
Abruzzo,15596,68,"[60,70)",60-69
Molise,3605,68,"[60,70)",60-69
Campania,59873,68,"[60,70)",60-69
Puglia,46067,68,"[60,70)",60-69
Basilicata,6568,68,"[60,70)",60-69
Calabria,22154,68,"[60,70)",60-69
Sicilia,54596,68,"[60,70)",60-69
Sardegna,20698,68,"[60,70)",60-69
Umbria,10556,68,"[60,70)",60-69
Piemonte,54006,69,"[60,70)",60-69
Liguria,19779,69,"[60,70)",60-69
Lombardia,113693,69,"[60,70)",60-69
P.A. Bolzano,5025,69,"[60,70)",60-69
P.A. Trento,6329,69,"[60,70)",60-69
Friuli Venezia Giulia,15498,69,"[60,70)",60-69
Emilia-Romagna,51054,69,"[60,70)",60-69
Calabria,22469,69,"[60,70)",60-69
Sicilia,56106,69,"[60,70)",60-69
Sardegna,20704,69,"[60,70)",60-69
Valle d'Aosta,1501,69,"[60,70)",60-69
Trentino Alto Adige / Südtirol,11354,69,"[60,70)",60-69
Veneto,56747,69,"[60,70)",60-69
Toscana,44046,69,"[60,70)",60-69
Umbria,10676,69,"[60,70)",60-69
Marche,18534,69,"[60,70)",60-69
Lazio,63750,69,"[60,70)",60-69
Abruzzo,15994,69,"[60,70)",60-69
Molise,3878,69,"[60,70)",60-69
Campania,60593,69,"[60,70)",60-69
Puglia,47314,69,"[60,70)",60-69
Basilicata,6788,69,"[60,70)",60-69
P.A. Trento,5946,70,"[70,80)",70-79
Veneto,55693,70,"[70,80)",70-79
Friuli Venezia Giulia,15212,70,"[70,80)",70-79
Piemonte,54376,70,"[70,80)",70-79
Valle d'Aosta,1582,70,"[70,80)",70-79
Liguria,19963,70,"[70,80)",70-79
Lombardia,114336,70,"[70,80)",70-79
Trentino Alto Adige / Südtirol,10821,70,"[70,80)",70-79
P.A. Bolzano,4875,70,"[70,80)",70-79
Emilia-Romagna,51451,70,"[70,80)",70-79
Toscana,45862,70,"[70,80)",70-79
Umbria,11005,70,"[70,80)",70-79
Marche,17853,70,"[70,80)",70-79
Lazio,63403,70,"[70,80)",70-79
Abruzzo,16233,70,"[70,80)",70-79
Molise,4030,70,"[70,80)",70-79
Campania,60189,70,"[70,80)",70-79
Puglia,46899,70,"[70,80)",70-79
Basilicata,6820,70,"[70,80)",70-79
Calabria,22360,70,"[70,80)",70-79
Sicilia,56049,70,"[70,80)",70-79
Sardegna,20003,70,"[70,80)",70-79
Emilia-Romagna,54078,71,"[70,80)",70-79
Veneto,57082,71,"[70,80)",70-79
P.A. Trento,6070,71,"[70,80)",70-79
Basilicata,6979,71,"[70,80)",70-79
Trentino Alto Adige / Südtirol,11131,71,"[70,80)",70-79
P.A. Bolzano,5061,71,"[70,80)",70-79
Sardegna,20252,71,"[70,80)",70-79
Lombardia,117752,71,"[70,80)",70-79
Calabria,22483,71,"[70,80)",70-79
Sicilia,57555,71,"[70,80)",70-79
Marche,18308,71,"[70,80)",70-79
Toscana,48626,71,"[70,80)",70-79
Umbria,11713,71,"[70,80)",70-79
Lazio,66355,71,"[70,80)",70-79
Campania,61147,71,"[70,80)",70-79
Puglia,49398,71,"[70,80)",70-79
Abruzzo,16349,71,"[70,80)",70-79
Molise,3905,71,"[70,80)",70-79
Friuli Venezia Giulia,16138,71,"[70,80)",70-79
Piemonte,56949,71,"[70,80)",70-79
Valle d'Aosta,1595,71,"[70,80)",70-79
Liguria,21024,71,"[70,80)",70-79
Liguria,21505,72,"[70,80)",70-79
Lombardia,113502,72,"[70,80)",70-79
Trentino Alto Adige / Südtirol,10749,72,"[70,80)",70-79
P.A. Bolzano,4819,72,"[70,80)",70-79
P.A. Trento,5930,72,"[70,80)",70-79
Veneto,55342,72,"[70,80)",70-79
Friuli Venezia Giulia,16064,72,"[70,80)",70-79
Emilia-Romagna,53467,72,"[70,80)",70-79
Toscana,48299,72,"[70,80)",70-79
Umbria,10765,72,"[70,80)",70-79
Marche,17589,72,"[70,80)",70-79
Lazio,65262,72,"[70,80)",70-79
Piemonte,55359,72,"[70,80)",70-79
Valle d'Aosta,1481,72,"[70,80)",70-79
Abruzzo,15403,72,"[70,80)",70-79
Molise,3708,72,"[70,80)",70-79
Campania,58376,72,"[70,80)",70-79
Puglia,46130,72,"[70,80)",70-79
Basilicata,6282,72,"[70,80)",70-79
Calabria,21708,72,"[70,80)",70-79
Sicilia,56284,72,"[70,80)",70-79
Sardegna,19302,72,"[70,80)",70-79
Piemonte,53609,73,"[70,80)",70-79
Valle d'Aosta,1408,73,"[70,80)",70-79
Liguria,21477,73,"[70,80)",70-79
Lombardia,115962,73,"[70,80)",70-79
Trentino Alto Adige / Südtirol,11443,73,"[70,80)",70-79
P.A. Bolzano,5228,73,"[70,80)",70-79
P.A. Trento,6215,73,"[70,80)",70-79
Veneto,59502,73,"[70,80)",70-79
Friuli Venezia Giulia,16760,73,"[70,80)",70-79
Emilia-Romagna,53910,73,"[70,80)",70-79
Toscana,48276,73,"[70,80)",70-79
Umbria,10288,73,"[70,80)",70-79
Marche,17545,73,"[70,80)",70-79
Lazio,62964,73,"[70,80)",70-79
Abruzzo,14841,73,"[70,80)",70-79
Molise,3408,73,"[70,80)",70-79
Campania,58268,73,"[70,80)",70-79
Puglia,45048,73,"[70,80)",70-79
Basilicata,5680,73,"[70,80)",70-79
Calabria,19731,73,"[70,80)",70-79
Sicilia,51046,73,"[70,80)",70-79
Sardegna,17913,73,"[70,80)",70-79
Piemonte,40698,74,"[70,80)",70-79
Valle d'Aosta,1082,74,"[70,80)",70-79
Liguria,15458,74,"[70,80)",70-79
Lombardia,84776,74,"[70,80)",70-79
Trentino Alto Adige / Südtirol,8139,74,"[70,80)",70-79
P.A. Bolzano,3818,74,"[70,80)",70-79
P.A. Trento,4321,74,"[70,80)",70-79
Veneto,40425,74,"[70,80)",70-79
Friuli Venezia Giulia,11362,74,"[70,80)",70-79
Emilia-Romagna,37788,74,"[70,80)",70-79
Toscana,37174,74,"[70,80)",70-79
Umbria,8207,74,"[70,80)",70-79
Marche,14410,74,"[70,80)",70-79
Lazio,48744,74,"[70,80)",70-79
Abruzzo,11066,74,"[70,80)",70-79
Molise,2641,74,"[70,80)",70-79
Campania,46997,74,"[70,80)",70-79
Puglia,37758,74,"[70,80)",70-79
Basilicata,4399,74,"[70,80)",70-79
Calabria,15234,74,"[70,80)",70-79
Sicilia,42761,74,"[70,80)",70-79
Sardegna,16626,74,"[70,80)",70-79
Piemonte,43227,75,"[70,80)",70-79
Valle d'Aosta,1148,75,"[70,80)",70-79
Liguria,17305,75,"[70,80)",70-79
Lombardia,89829,75,"[70,80)",70-79
Trentino Alto Adige / Südtirol,9262,75,"[70,80)",70-79
P.A. Bolzano,4477,75,"[70,80)",70-79
P.A. Trento,4785,75,"[70,80)",70-79
Veneto,46259,75,"[70,80)",70-79
Friuli Venezia Giulia,13440,75,"[70,80)",70-79
Emilia-Romagna,41845,75,"[70,80)",70-79
Toscana,36787,75,"[70,80)",70-79
Umbria,8656,75,"[70,80)",70-79
Marche,13831,75,"[70,80)",70-79
Lazio,48387,75,"[70,80)",70-79
Abruzzo,11792,75,"[70,80)",70-79
Molise,2571,75,"[70,80)",70-79
Campania,39694,75,"[70,80)",70-79
Puglia,33739,75,"[70,80)",70-79
Basilicata,4319,75,"[70,80)",70-79
Calabria,15125,75,"[70,80)",70-79
Sicilia,40547,75,"[70,80)",70-79
Sardegna,16120,75,"[70,80)",70-79
Piemonte,42568,76,"[70,80)",70-79
Valle d'Aosta,1202,76,"[70,80)",70-79
Liguria,16708,76,"[70,80)",70-79
Lombardia,87799,76,"[70,80)",70-79
Trentino Alto Adige / Südtirol,9710,76,"[70,80)",70-79
P.A. Bolzano,4815,76,"[70,80)",70-79
P.A. Trento,4895,76,"[70,80)",70-79
Veneto,46642,76,"[70,80)",70-79
Friuli Venezia Giulia,13071,76,"[70,80)",70-79
Emilia-Romagna,41123,76,"[70,80)",70-79
Toscana,36527,76,"[70,80)",70-79
Umbria,8979,76,"[70,80)",70-79
Marche,14424,76,"[70,80)",70-79
Lazio,50014,76,"[70,80)",70-79
Abruzzo,11286,76,"[70,80)",70-79
Molise,2395,76,"[70,80)",70-79
Campania,42313,76,"[70,80)",70-79
Puglia,33283,76,"[70,80)",70-79
Basilicata,4245,76,"[70,80)",70-79
Calabria,14777,76,"[70,80)",70-79
Sicilia,38149,76,"[70,80)",70-79
Sardegna,15409,76,"[70,80)",70-79
Piemonte,42562,77,"[70,80)",70-79
Valle d'Aosta,1186,77,"[70,80)",70-79
Lombardia,88391,77,"[70,80)",70-79
Trentino Alto Adige / Südtirol,9491,77,"[70,80)",70-79
Veneto,44644,77,"[70,80)",70-79
Sardegna,15587,77,"[70,80)",70-79
Liguria,16967,77,"[70,80)",70-79
P.A. Bolzano,4692,77,"[70,80)",70-79
P.A. Trento,4799,77,"[70,80)",70-79
Friuli Venezia Giulia,13001,77,"[70,80)",70-79
Emilia-Romagna,39912,77,"[70,80)",70-79
Toscana,34616,77,"[70,80)",70-79
Umbria,8195,77,"[70,80)",70-79
Marche,13535,77,"[70,80)",70-79
Lazio,47928,77,"[70,80)",70-79
Abruzzo,10827,77,"[70,80)",70-79
Molise,2297,77,"[70,80)",70-79
Campania,39699,77,"[70,80)",70-79
Puglia,33583,77,"[70,80)",70-79
Basilicata,4181,77,"[70,80)",70-79
Calabria,14505,77,"[70,80)",70-79
Sicilia,37239,77,"[70,80)",70-79
Piemonte,42430,78,"[70,80)",70-79
Valle d'Aosta,1183,78,"[70,80)",70-79
Liguria,17282,78,"[70,80)",70-79
Lombardia,88964,78,"[70,80)",70-79
Trentino Alto Adige / Südtirol,9344,78,"[70,80)",70-79
P.A. Bolzano,4671,78,"[70,80)",70-79
P.A. Trento,4673,78,"[70,80)",70-79
Veneto,43629,78,"[70,80)",70-79
Friuli Venezia Giulia,12960,78,"[70,80)",70-79
Emilia-Romagna,40284,78,"[70,80)",70-79
Toscana,35234,78,"[70,80)",70-79
Umbria,8199,78,"[70,80)",70-79
Marche,13414,78,"[70,80)",70-79
Lazio,47634,78,"[70,80)",70-79
Abruzzo,10736,78,"[70,80)",70-79
Molise,2523,78,"[70,80)",70-79
Campania,37467,78,"[70,80)",70-79
Puglia,31336,78,"[70,80)",70-79
Basilicata,4124,78,"[70,80)",70-79
Calabria,13777,78,"[70,80)",70-79
Sicilia,36582,78,"[70,80)",70-79
Sardegna,14214,78,"[70,80)",70-79
Piemonte,45638,79,"[70,80)",70-79
Valle d'Aosta,1222,79,"[70,80)",70-79
Liguria,18345,79,"[70,80)",70-79
Lombardia,94898,79,"[70,80)",70-79
Trentino Alto Adige / Südtirol,8839,79,"[70,80)",70-79
P.A. Bolzano,4157,79,"[70,80)",70-79
P.A. Trento,4682,79,"[70,80)",70-79
Veneto,45225,79,"[70,80)",70-79
Friuli Venezia Giulia,13401,79,"[70,80)",70-79
Emilia-Romagna,43271,79,"[70,80)",70-79
Toscana,38750,79,"[70,80)",70-79
Umbria,8997,79,"[70,80)",70-79
Marche,15032,79,"[70,80)",70-79
Lazio,51316,79,"[70,80)",70-79
Abruzzo,12039,79,"[70,80)",70-79
Molise,2813,79,"[70,80)",70-79
Campania,40230,79,"[70,80)",70-79
Puglia,33360,79,"[70,80)",70-79
Basilicata,4776,79,"[70,80)",70-79
Calabria,15508,79,"[70,80)",70-79
Sicilia,40753,79,"[70,80)",70-79
Sardegna,15431,79,"[70,80)",70-79
Toscana,36741,80,"[80,90)",80-89
Umbria,8659,80,"[80,90)",80-89
Marche,15066,80,"[80,90)",80-89
Lazio,48404,80,"[80,90)",80-89
Abruzzo,11902,80,"[80,90)",80-89
Molise,2933,80,"[80,90)",80-89
Campania,38307,80,"[80,90)",80-89
Puglia,32234,80,"[80,90)",80-89
Basilicata,4871,80,"[80,90)",80-89
Calabria,14773,80,"[80,90)",80-89
Sicilia,38195,80,"[80,90)",80-89
Sardegna,14178,80,"[80,90)",80-89
Piemonte,44405,80,"[80,90)",80-89
Valle d'Aosta,1114,80,"[80,90)",80-89
Liguria,17679,80,"[80,90)",80-89
Lombardia,90760,80,"[80,90)",80-89
Trentino Alto Adige / Südtirol,8367,80,"[80,90)",80-89
P.A. Bolzano,4061,80,"[80,90)",80-89
P.A. Trento,4306,80,"[80,90)",80-89
Veneto,43265,80,"[80,90)",80-89
Friuli Venezia Giulia,12443,80,"[80,90)",80-89
Emilia-Romagna,41788,80,"[80,90)",80-89
Piemonte,42233,81,"[80,90)",80-89
Valle d'Aosta,1118,81,"[80,90)",80-89
Liguria,16903,81,"[80,90)",80-89
Lombardia,85531,81,"[80,90)",80-89
Trentino Alto Adige / Südtirol,7688,81,"[80,90)",80-89
P.A. Bolzano,3621,81,"[80,90)",80-89
P.A. Trento,4067,81,"[80,90)",80-89
Veneto,40421,81,"[80,90)",80-89
Friuli Venezia Giulia,11654,81,"[80,90)",80-89
Emilia-Romagna,40600,81,"[80,90)",80-89
Toscana,35999,81,"[80,90)",80-89
Umbria,8619,81,"[80,90)",80-89
Marche,14764,81,"[80,90)",80-89
Lazio,45267,81,"[80,90)",80-89
Abruzzo,10598,81,"[80,90)",80-89
Molise,2442,81,"[80,90)",80-89
Campania,34281,81,"[80,90)",80-89
Puglia,29672,81,"[80,90)",80-89
Basilicata,4548,81,"[80,90)",80-89
Calabria,13634,81,"[80,90)",80-89
Sicilia,35414,81,"[80,90)",80-89
Sardegna,12485,81,"[80,90)",80-89
Piemonte,37401,82,"[80,90)",80-89
Valle d'Aosta,975,82,"[80,90)",80-89
Liguria,15244,82,"[80,90)",80-89
Lombardia,74385,82,"[80,90)",80-89
Trentino Alto Adige / Südtirol,6778,82,"[80,90)",80-89
P.A. Bolzano,3203,82,"[80,90)",80-89
P.A. Trento,3575,82,"[80,90)",80-89
Veneto,35609,82,"[80,90)",80-89
Friuli Venezia Giulia,10352,82,"[80,90)",80-89
Emilia-Romagna,35471,82,"[80,90)",80-89
Toscana,31568,82,"[80,90)",80-89
Umbria,7443,82,"[80,90)",80-89
Marche,12923,82,"[80,90)",80-89
Lazio,40468,82,"[80,90)",80-89
Abruzzo,10210,82,"[80,90)",80-89
Molise,2406,82,"[80,90)",80-89
Puglia,27231,82,"[80,90)",80-89
Basilicata,4415,82,"[80,90)",80-89
Calabria,12649,82,"[80,90)",80-89
Sicilia,30774,82,"[80,90)",80-89
Sardegna,11308,82,"[80,90)",80-89
Campania,31460,82,"[80,90)",80-89
Valle d'Aosta,851,83,"[80,90)",80-89
Lombardia,65275,83,"[80,90)",80-89
Piemonte,33293,83,"[80,90)",80-89
Veneto,31710,83,"[80,90)",80-89
Lazio,36413,83,"[80,90)",80-89
Liguria,13592,83,"[80,90)",80-89
Marche,11521,83,"[80,90)",80-89
Trentino Alto Adige / Südtirol,6169,83,"[80,90)",80-89
P.A. Bolzano,2913,83,"[80,90)",80-89
P.A. Trento,3256,83,"[80,90)",80-89
Friuli Venezia Giulia,9160,83,"[80,90)",80-89
Emilia-Romagna,31284,83,"[80,90)",80-89
Toscana,27807,83,"[80,90)",80-89
Umbria,6652,83,"[80,90)",80-89
Abruzzo,9233,83,"[80,90)",80-89
Molise,2351,83,"[80,90)",80-89
Campania,27907,83,"[80,90)",80-89
Puglia,24259,83,"[80,90)",80-89
Basilicata,4049,83,"[80,90)",80-89
Calabria,11992,83,"[80,90)",80-89
Sicilia,28799,83,"[80,90)",80-89
Sardegna,10617,83,"[80,90)",80-89
Campania,26861,84,"[80,90)",80-89
Piemonte,32107,84,"[80,90)",80-89
Valle d'Aosta,764,84,"[80,90)",80-89
Liguria,12881,84,"[80,90)",80-89
Lombardia,63704,84,"[80,90)",80-89
Trentino Alto Adige / Südtirol,5847,84,"[80,90)",80-89
P.A. Bolzano,2666,84,"[80,90)",80-89
P.A. Trento,3181,84,"[80,90)",80-89
Veneto,30724,84,"[80,90)",80-89
Friuli Venezia Giulia,8556,84,"[80,90)",80-89
Emilia-Romagna,31628,84,"[80,90)",80-89
Toscana,27321,84,"[80,90)",80-89
Marche,11486,84,"[80,90)",80-89
Lazio,34924,84,"[80,90)",80-89
Abruzzo,8885,84,"[80,90)",80-89
Molise,2230,84,"[80,90)",80-89
Puglia,23256,84,"[80,90)",80-89
Basilicata,3774,84,"[80,90)",80-89
Calabria,11467,84,"[80,90)",80-89
Sicilia,27341,84,"[80,90)",80-89
Sardegna,9341,84,"[80,90)",80-89
Umbria,6480,84,"[80,90)",80-89
Piemonte,28730,85,"[80,90)",80-89
Valle d'Aosta,682,85,"[80,90)",80-89
Liguria,11630,85,"[80,90)",80-89
Lombardia,56653,85,"[80,90)",80-89
Trentino Alto Adige / Südtirol,5422,85,"[80,90)",80-89
P.A. Bolzano,2556,85,"[80,90)",80-89
P.A. Trento,2866,85,"[80,90)",80-89
Veneto,28013,85,"[80,90)",80-89
Friuli Venezia Giulia,7495,85,"[80,90)",80-89
Emilia-Romagna,29281,85,"[80,90)",80-89
Toscana,24152,85,"[80,90)",80-89
Marche,10350,85,"[80,90)",80-89
Lazio,31562,85,"[80,90)",80-89
Abruzzo,8051,85,"[80,90)",80-89
Molise,2138,85,"[80,90)",80-89
Umbria,6038,85,"[80,90)",80-89
Campania,23599,85,"[80,90)",80-89
Puglia,21351,85,"[80,90)",80-89
Basilicata,3646,85,"[80,90)",80-89
Calabria,10496,85,"[80,90)",80-89
Sicilia,25747,85,"[80,90)",80-89
Sardegna,9221,85,"[80,90)",80-89
Piemonte,25441,86,"[80,90)",80-89
Liguria,10754,86,"[80,90)",80-89
Lombardia,50629,86,"[80,90)",80-89
P.A. Bolzano,2394,86,"[80,90)",80-89
P.A. Trento,2602,86,"[80,90)",80-89
Valle d'Aosta,675,86,"[80,90)",80-89
Trentino Alto Adige / Südtirol,4996,86,"[80,90)",80-89
Veneto,23917,86,"[80,90)",80-89
Friuli Venezia Giulia,6786,86,"[80,90)",80-89
Emilia-Romagna,25567,86,"[80,90)",80-89
Toscana,21910,86,"[80,90)",80-89
Umbria,5531,86,"[80,90)",80-89
Marche,9321,86,"[80,90)",80-89
Lazio,27834,86,"[80,90)",80-89
Abruzzo,7676,86,"[80,90)",80-89
Molise,1939,86,"[80,90)",80-89
Campania,21981,86,"[80,90)",80-89
Puglia,18929,86,"[80,90)",80-89
Basilicata,3269,86,"[80,90)",80-89
Calabria,9918,86,"[80,90)",80-89
Sicilia,23276,86,"[80,90)",80-89
Sardegna,8448,86,"[80,90)",80-89
Piemonte,23181,87,"[80,90)",80-89
Valle d'Aosta,572,87,"[80,90)",80-89
Liguria,9935,87,"[80,90)",80-89
Lombardia,45748,87,"[80,90)",80-89
Trentino Alto Adige / Südtirol,4523,87,"[80,90)",80-89
P.A. Bolzano,2133,87,"[80,90)",80-89
P.A. Trento,2390,87,"[80,90)",80-89
Veneto,21956,87,"[80,90)",80-89
Friuli Venezia Giulia,6167,87,"[80,90)",80-89
Emilia-Romagna,22390,87,"[80,90)",80-89
Toscana,19539,87,"[80,90)",80-89
Umbria,4716,87,"[80,90)",80-89
Marche,7928,87,"[80,90)",80-89
Lazio,24289,87,"[80,90)",80-89
Abruzzo,6435,87,"[80,90)",80-89
Molise,1650,87,"[80,90)",80-89
Campania,19189,87,"[80,90)",80-89
Puglia,16787,87,"[80,90)",80-89
Basilicata,2777,87,"[80,90)",80-89
Calabria,8623,87,"[80,90)",80-89
Sicilia,19702,87,"[80,90)",80-89
Sardegna,7299,87,"[80,90)",80-89
Piemonte,20849,88,"[80,90)",80-89
Valle d'Aosta,532,88,"[80,90)",80-89
Liguria,8900,88,"[80,90)",80-89
Lombardia,40549,88,"[80,90)",80-89
Trentino Alto Adige / Südtirol,4036,88,"[80,90)",80-89
P.A. Trento,2153,88,"[80,90)",80-89
Veneto,19431,88,"[80,90)",80-89
Friuli Venezia Giulia,5492,88,"[80,90)",80-89
Molise,1478,88,"[80,90)",80-89
Campania,16702,88,"[80,90)",80-89
Puglia,14899,88,"[80,90)",80-89
Basilicata,2462,88,"[80,90)",80-89
Calabria,7531,88,"[80,90)",80-89
Sicilia,17468,88,"[80,90)",80-89
P.A. Bolzano,1883,88,"[80,90)",80-89
Emilia-Romagna,20690,88,"[80,90)",80-89
Toscana,18021,88,"[80,90)",80-89
Umbria,4550,88,"[80,90)",80-89
Marche,7679,88,"[80,90)",80-89
Lazio,21993,88,"[80,90)",80-89
Abruzzo,5931,88,"[80,90)",80-89
Sardegna,6310,88,"[80,90)",80-89
Basilicata,2296,89,"[80,90)",80-89
Calabria,6637,89,"[80,90)",80-89
Sicilia,16414,89,"[80,90)",80-89
Sardegna,5965,89,"[80,90)",80-89
Valle d'Aosta,517,89,"[80,90)",80-89
Liguria,8292,89,"[80,90)",80-89
Piemonte,19072,89,"[80,90)",80-89
Lombardia,36243,89,"[80,90)",80-89
Trentino Alto Adige / Südtirol,3746,89,"[80,90)",80-89
P.A. Bolzano,1678,89,"[80,90)",80-89
P.A. Trento,2068,89,"[80,90)",80-89
Veneto,17984,89,"[80,90)",80-89
Friuli Venezia Giulia,5202,89,"[80,90)",80-89
Emilia-Romagna,18967,89,"[80,90)",80-89
Toscana,16595,89,"[80,90)",80-89
Umbria,4090,89,"[80,90)",80-89
Marche,6787,89,"[80,90)",80-89
Lazio,20224,89,"[80,90)",80-89
Abruzzo,5567,89,"[80,90)",80-89
Molise,1471,89,"[80,90)",80-89
Campania,14986,89,"[80,90)",80-89
Puglia,13606,89,"[80,90)",80-89
Piemonte,15213,90,"[90,100)",90+
Valle d'Aosta,412,90,"[90,100)",90+
Liguria,6801,90,"[90,100)",90+
Lombardia,29330,90,"[90,100)",90+
Trentino Alto Adige / Südtirol,3001,90,"[90,100)",90+
P.A. Bolzano,1341,90,"[90,100)",90+
P.A. Trento,1660,90,"[90,100)",90+
Veneto,14176,90,"[90,100)",90+
Friuli Venezia Giulia,4159,90,"[90,100)",90+
Emilia-Romagna,15279,90,"[90,100)",90+
Toscana,13374,90,"[90,100)",90+
Umbria,3236,90,"[90,100)",90+
Marche,5386,90,"[90,100)",90+
Lazio,15731,90,"[90,100)",90+
Abruzzo,4339,90,"[90,100)",90+
Molise,1140,90,"[90,100)",90+
Campania,11719,90,"[90,100)",90+
Puglia,10552,90,"[90,100)",90+
Basilicata,1856,90,"[90,100)",90+
Calabria,5285,90,"[90,100)",90+
Sicilia,12198,90,"[90,100)",90+
Sardegna,4833,90,"[90,100)",90+
Piemonte,12224,91,"[90,100)",90+
Valle d'Aosta,342,91,"[90,100)",90+
Liguria,5576,91,"[90,100)",90+
P.A. Trento,1412,91,"[90,100)",90+
Toscana,11330,91,"[90,100)",90+
Umbria,2734,91,"[90,100)",90+
Marche,4663,91,"[90,100)",90+
Lazio,12883,91,"[90,100)",90+
Abruzzo,3578,91,"[90,100)",90+
Molise,911,91,"[90,100)",90+
Campania,9629,91,"[90,100)",90+
Puglia,8831,91,"[90,100)",90+
Basilicata,1470,91,"[90,100)",90+
Calabria,4295,91,"[90,100)",90+
Sicilia,10251,91,"[90,100)",90+
Sardegna,4046,91,"[90,100)",90+
Lombardia,24052,91,"[90,100)",90+
Trentino Alto Adige / Südtirol,2538,91,"[90,100)",90+
P.A. Bolzano,1126,91,"[90,100)",90+
Veneto,12283,91,"[90,100)",90+
Friuli Venezia Giulia,3518,91,"[90,100)",90+
Emilia-Romagna,13079,91,"[90,100)",90+
Umbria,2378,92,"[90,100)",90+
Marche,4051,92,"[90,100)",90+
Lazio,10436,92,"[90,100)",90+
Campania,7496,92,"[90,100)",90+
Abruzzo,3089,92,"[90,100)",90+
Molise,816,92,"[90,100)",90+
Puglia,7351,92,"[90,100)",90+
Basilicata,1223,92,"[90,100)",90+
Calabria,3431,92,"[90,100)",90+
Sicilia,7817,92,"[90,100)",90+
Sardegna,3156,92,"[90,100)",90+
Piemonte,10073,92,"[90,100)",90+
Valle d'Aosta,268,92,"[90,100)",90+
Liguria,4571,92,"[90,100)",90+
Lombardia,19579,92,"[90,100)",90+
Trentino Alto Adige / Südtirol,2122,92,"[90,100)",90+
P.A. Bolzano,918,92,"[90,100)",90+
P.A. Trento,1204,92,"[90,100)",90+
Veneto,10319,92,"[90,100)",90+
Friuli Venezia Giulia,2977,92,"[90,100)",90+
Emilia-Romagna,10885,92,"[90,100)",90+
Toscana,9335,92,"[90,100)",90+
Piemonte,7696,93,"[90,100)",90+
Valle d'Aosta,214,93,"[90,100)",90+
Liguria,3586,93,"[90,100)",90+
Lombardia,15293,93,"[90,100)",90+
Trentino Alto Adige / Südtirol,1667,93,"[90,100)",90+
P.A. Bolzano,732,93,"[90,100)",90+
P.A. Trento,935,93,"[90,100)",90+
Veneto,7933,93,"[90,100)",90+
Friuli Venezia Giulia,2472,93,"[90,100)",90+
Emilia-Romagna,8623,93,"[90,100)",90+
Toscana,7381,93,"[90,100)",90+
Umbria,1856,93,"[90,100)",90+
Marche,3215,93,"[90,100)",90+
Lazio,8429,93,"[90,100)",90+
Abruzzo,2326,93,"[90,100)",90+
Molise,640,93,"[90,100)",90+
Campania,5754,93,"[90,100)",90+
Puglia,5421,93,"[90,100)",90+
Basilicata,937,93,"[90,100)",90+
Calabria,2799,93,"[90,100)",90+
Sicilia,6439,93,"[90,100)",90+
Sardegna,2602,93,"[90,100)",90+
Calabria,2126,94,"[90,100)",90+
Sicilia,4838,94,"[90,100)",90+
Piemonte,5813,94,"[90,100)",90+
Valle d'Aosta,166,94,"[90,100)",90+
Liguria,2808,94,"[90,100)",90+
Lombardia,11929,94,"[90,100)",90+
Trentino Alto Adige / Südtirol,1347,94,"[90,100)",90+
P.A. Bolzano,612,94,"[90,100)",90+
P.A. Trento,735,94,"[90,100)",90+
Veneto,6268,94,"[90,100)",90+
Friuli Venezia Giulia,1975,94,"[90,100)",90+
Emilia-Romagna,6974,94,"[90,100)",90+
Toscana,5678,94,"[90,100)",90+
Umbria,1510,94,"[90,100)",90+
Marche,2556,94,"[90,100)",90+
Sardegna,1814,94,"[90,100)",90+
Lazio,6231,94,"[90,100)",90+
Abruzzo,1789,94,"[90,100)",90+
Molise,456,94,"[90,100)",90+
Campania,4376,94,"[90,100)",90+
Puglia,4103,94,"[90,100)",90+
Basilicata,694,94,"[90,100)",90+
Piemonte,4291,95,"[90,100)",90+
Valle d'Aosta,102,95,"[90,100)",90+
Liguria,2100,95,"[90,100)",90+
Lombardia,8983,95,"[90,100)",90+
Trentino Alto Adige / Südtirol,1028,95,"[90,100)",90+
P.A. Bolzano,449,95,"[90,100)",90+
P.A. Trento,579,95,"[90,100)",90+
Veneto,4628,95,"[90,100)",90+
Friuli Venezia Giulia,1565,95,"[90,100)",90+
Emilia-Romagna,5314,95,"[90,100)",90+
Toscana,4419,95,"[90,100)",90+
Umbria,1150,95,"[90,100)",90+
Marche,1782,95,"[90,100)",90+
Lazio,4874,95,"[90,100)",90+
Abruzzo,1396,95,"[90,100)",90+
Molise,393,95,"[90,100)",90+
Campania,3194,95,"[90,100)",90+
Puglia,2975,95,"[90,100)",90+
Basilicata,483,95,"[90,100)",90+
Calabria,1670,95,"[90,100)",90+
Sicilia,3801,95,"[90,100)",90+
Sardegna,1501,95,"[90,100)",90+
Piemonte,3253,96,"[90,100)",90+
Valle d'Aosta,89,96,"[90,100)",90+
Puglia,2359,96,"[90,100)",90+
Basilicata,411,96,"[90,100)",90+
Calabria,1202,96,"[90,100)",90+
Sicilia,2514,96,"[90,100)",90+
Sardegna,1033,96,"[90,100)",90+
Liguria,1564,96,"[90,100)",90+
Lombardia,6634,96,"[90,100)",90+
Trentino Alto Adige / Südtirol,862,96,"[90,100)",90+
P.A. Bolzano,350,96,"[90,100)",90+
P.A. Trento,512,96,"[90,100)",90+
Veneto,3617,96,"[90,100)",90+
Friuli Venezia Giulia,1187,96,"[90,100)",90+
Emilia-Romagna,4012,96,"[90,100)",90+
Toscana,3304,96,"[90,100)",90+
Umbria,783,96,"[90,100)",90+
Marche,1368,96,"[90,100)",90+
Lazio,3618,96,"[90,100)",90+
Abruzzo,1002,96,"[90,100)",90+
Molise,269,96,"[90,100)",90+
Campania,2366,96,"[90,100)",90+
Piemonte,2411,97,"[90,100)",90+
Valle d'Aosta,63,97,"[90,100)",90+
Liguria,1174,97,"[90,100)",90+
Lombardia,4624,97,"[90,100)",90+
Sardegna,777,97,"[90,100)",90+
Trentino Alto Adige / Südtirol,633,97,"[90,100)",90+
P.A. Bolzano,276,97,"[90,100)",90+
P.A. Trento,357,97,"[90,100)",90+
Veneto,2412,97,"[90,100)",90+
Friuli Venezia Giulia,833,97,"[90,100)",90+
Emilia-Romagna,2809,97,"[90,100)",90+
Toscana,2292,97,"[90,100)",90+
Umbria,542,97,"[90,100)",90+
Marche,935,97,"[90,100)",90+
Lazio,2566,97,"[90,100)",90+
Abruzzo,745,97,"[90,100)",90+
Molise,219,97,"[90,100)",90+
Basilicata,291,97,"[90,100)",90+
Campania,1670,97,"[90,100)",90+
Puglia,1625,97,"[90,100)",90+
Calabria,814,97,"[90,100)",90+
Sicilia,1867,97,"[90,100)",90+
Piemonte,1610,98,"[90,100)",90+
Valle d'Aosta,49,98,"[90,100)",90+
Liguria,799,98,"[90,100)",90+
Lombardia,3328,98,"[90,100)",90+
Trentino Alto Adige / Südtirol,403,98,"[90,100)",90+
P.A. Bolzano,167,98,"[90,100)",90+
P.A. Trento,236,98,"[90,100)",90+
Veneto,1664,98,"[90,100)",90+
Friuli Venezia Giulia,682,98,"[90,100)",90+
Emilia-Romagna,2008,98,"[90,100)",90+
Toscana,1681,98,"[90,100)",90+
Umbria,423,98,"[90,100)",90+
Marche,691,98,"[90,100)",90+
Lazio,1812,98,"[90,100)",90+
Abruzzo,526,98,"[90,100)",90+
Molise,162,98,"[90,100)",90+
Campania,1149,98,"[90,100)",90+
Puglia,1078,98,"[90,100)",90+
Basilicata,226,98,"[90,100)",90+
Calabria,567,98,"[90,100)",90+
Sicilia,1199,98,"[90,100)",90+
Sardegna,503,98,"[90,100)",90+
Sicilia,829,99,"[90,100)",90+
Sardegna,388,99,"[90,100)",90+
Piemonte,1008,99,"[90,100)",90+
Valle d'Aosta,29,99,"[90,100)",90+
Liguria,547,99,"[90,100)",90+
Lombardia,2093,99,"[90,100)",90+
Trentino Alto Adige / Südtirol,268,99,"[90,100)",90+
P.A. Bolzano,103,99,"[90,100)",90+
P.A. Trento,165,99,"[90,100)",90+
Veneto,1068,99,"[90,100)",90+
Friuli Venezia Giulia,426,99,"[90,100)",90+
Emilia-Romagna,1289,99,"[90,100)",90+
Umbria,249,99,"[90,100)",90+
Marche,446,99,"[90,100)",90+
Lazio,1230,99,"[90,100)",90+
Abruzzo,332,99,"[90,100)",90+
Toscana,1098,99,"[90,100)",90+
Molise,97,99,"[90,100)",90+
Campania,783,99,"[90,100)",90+
Puglia,725,99,"[90,100)",90+
Basilicata,107,99,"[90,100)",90+
Calabria,409,99,"[90,100)",90+
Trentino Alto Adige / Südtirol,218,100,"[100,110)",90+
P.A. Bolzano,91,100,"[100,110)",90+
P.A. Trento,127,100,"[100,110)",90+
Veneto,1142,100,"[100,110)",90+
Emilia-Romagna,1415,100,"[100,110)",90+
Piemonte,1096,100,"[100,110)",90+
Valle d'Aosta,30,100,"[100,110)",90+
Liguria,633,100,"[100,110)",90+
Lombardia,2318,100,"[100,110)",90+
Friuli Venezia Giulia,392,100,"[100,110)",90+
Toscana,1044,100,"[100,110)",90+
Umbria,278,100,"[100,110)",90+
Marche,447,100,"[100,110)",90+
Lazio,1417,100,"[100,110)",90+
Abruzzo,393,100,"[100,110)",90+
Molise,116,100,"[100,110)",90+
Campania,908,100,"[100,110)",90+
Puglia,882,100,"[100,110)",90+
Basilicata,125,100,"[100,110)",90+
Calabria,460,100,"[100,110)",90+
Sicilia,1032,100,"[100,110)",90+
Sardegna,458,100,"[100,110)",90+
